Workbook
Name _2016_HIXCOMPAREclean: '2016_HIXCOMPARE'!$B$2:$J$667
Name AgeFactors: AgeFactors!$D$18:$E$25
Name AREA: '2014&2019 Data'!$F$3:$F$2233
Name Carrier: '2014&2019 Data'!$G$3:$G$2233
Name Metal: '2014&2019 Data'!$I$3:$I$2233
Name PERMI2C30: '2014&2019 Data'!$N$3:$N$2233
Name PREMC2CA30: '2014&2019 Data'!$O$3:$O$2233
Name PREMI27: '2014&2019 Data'!$L$3:$L$2233
Name PREMI50: '2014&2019 Data'!$M$3:$M$2233
Name Silverplans: '2015'!$A$3:$J$6486
Name Silverplans: '2016(p)'!$A$3:$J$6486
Name Silverplans: '2014'!$A$3:$J$6486
Name State: '2014&2019 Data'!$E$3:$E$2233
Name Weight: Weight!$D$3:$G$504
Name YEAR: '2014&2019 Data'!$B$3:$B$2233

Sheet ByCounty
C3: Rating Area ID | D3: County Name | E3: Rating Area
C4: (for federal systems)
C5: Rating Area 1 | D5: Baker | E5: 1 | H5: 1 | I5: =COUNTIF(E5:E163,H5) -> 12
C6: Rating Area 1 | D6: Calhoun | E6: 1 | H6: 2 | I6: =COUNTIF(E6:E164,H6) -> 9
C7: Rating Area 1 | D7: Clay | E7: 1 | H7: 3 | I7: =COUNTIF(E7:E165,H7) -> 21
C8: Rating Area 1 | D8: Crisp | E8: 1 | H8: 4 | I8: =COUNTIF(E8:E166,H8) -> 3
C9: Rating Area 1 | D9: Dougherty | E9: 1 | H9: 5 | I9: =COUNTIF(E9:E167,H9) -> 12
C10: Rating Area 1 | D10: Lee | E10: 1 | H10: 6 | I10: =COUNTIF(E10:E168,H10) -> 9
C11: Rating Area 1 | D11: Mitchell | E11: 1 | H11: 7 | I11: =COUNTIF(E11:E169,H11) -> 3
C12: Rating Area 1 | D12: Randolph | E12: 1 | H12: 8 | I12: =COUNTIF(E12:E170,H12) -> 13
C13: Rating Area 1 | D13: Schley | E13: 1 | H13: 9 | I13: =COUNTIF(E13:E171,H13) -> 3
C14: Rating Area 1 | D14: Sumter | E14: 1 | H14: 10 | I14: =COUNTIF(E14:E172,H14) -> 12
C15: Rating Area 1 | D15: Terrell | E15: 1 | H15: 11 | I15: =COUNTIF(E15:E173,H15) -> 10
C16: Rating Area 1 | D16: Worth | E16: 1 | H16: 12 | I16: =COUNTIF(E16:E174,H16) -> 13
... C20: Rating Area 2 | D20: Greene | E20: 2 | H20: 16 | I20: =COUNTIF(E20:E178,H20) -> 4
C21: Rating Area 2 | D21: Jackson | E21: 2
C22: Rating Area 2 | D22: Madison | E22: 2
C23: Rating Area 2 | D23: Morgan | E23: 2
C24: Rating Area 2 | D24: Oconee | E24: 2
C25: Rating Area 2 | D25: Oglethorpe | E25: 2
C26: Rating Area 3 | D26: Bartow | E26: 3
C27: Rating Area 3 | D27: Butts | E27: 3
C28: Rating Area 3 | D28: Cherokee | E28: 3
C29: Rating Area 3 | D29: Clayton | E29: 3
C30: Rating Area 3 | D30: Cobb | E30: 3
C31: Rating Area 3 | D31: Coweta | E31: 3
C32: Rating Area 3 | D32: DeKalb | E32: 3
... C163: Rating Area 16 | D163: Wilkinson | E163: 16
C165: Source:

Sheet ByArea
E2: 2014 | F2: 2015 | G2: 2016 (p)
C3: Rating Area 1 | D3: 1 | E3: ='2014'!V3 -> 376.5458 | F3: ='2015'!V3 -> 291.82252 | G3: ='2016(p)'!V3 -> 320.2958
C4: Rating Area 2 | D4: 2 | E4: ='2014'!V4 -> 189.92366 | F4: ='2015'!V4 -> 182.29008 | G4: ='2016(p)'!V4 -> 206.55534
C5: Rating Area 3 | D5: 3 | E5: ='2014'!V5 -> 195.97328 | F5: ='2015'!V5 -> 199.8187 | G5: ='2016(p)'!V5 -> 198.90267
C6: Rating Area 4 | D6: 4 | E6: ='2014'!V6 -> 231.87023 | F6: ='2015'!V6 -> 249.45611 | G6: ='2016(p)'!V6 -> 251.4313
C7: Rating Area 5 | D7: 5 | E7: ='2014'!V7 -> 251.29771 | F7: ='2015'!V7 -> 199.16985 | G7: ='2016(p)'!V7 -> 224.3416
C8: Rating Area 6 | D8: 6 | E8: ='2014'!V8 -> 318.40649 | F8: ='2015'!V8 -> 238.1584 | G8: ='2016(p)'!V8 -> 274.19847
C9: Rating Area 7 | D9: 7 | E9: ='2014'!V9 -> 273.6355 | F9: ='2015'!V9 -> 221.47901 | G9: ='2016(p)'!V9 -> 254.35115
C10: Rating Area 8 | D10: 8 | E10: ='2014'!V10 -> 199.55153 | F10: ='2015'!V10 -> 203.81679 | G10: ='2016(p)'!V10 -> 226.50763
C11: Rating Area 9 | D11: 9 | E11: ='2014'!V11 -> 262.58588 | F11: ='2015'!V11 -> 218.08206 | G11: ='2016(p)'!V11 -> 258.59733
C12: Rating Area 10 | D12: 10 | E12: ='2014'!V12 -> 191.65076 | F12: ='2015'!V12 -> 207.75763 | G12: ='2016(p)'!V12 -> 245.33397
C13: Rating Area 11 | D13: 11 | E13: ='2014'!V13 -> 297.51908 | F13: ='2015'!V13 -> 233.23473 | G13: ='2016(p)'!V13 -> 278.29198
C14: Rating Area 12 | D14: 12 | E14: ='2014'!V14 -> 246.46947 | F14: ='2015'!V14 -> 219.1126 | G14: ='2016(p)'!V14 -> 255.6584
... C18: Rating Area 16 | D18: 16 | E18: ='2014'!V18 -> 248.6355 | F18: ='2015'!V18 -> 210.66794 | G18: ='2016(p)'!V18 -> 259.42748
C19: Median | E19: ='2014'!V19 -> 249.9666 | F19: ='2015'!V19 -> 218.59733 | G19: ='2016(p)'!V19 -> 252.89122
C20: Mean | E20: ='2014'!V20 -> 256.62572 | F20: ='2015'!V20 -> 222.00322 | G20: ='2016(p)'!V20 -> 250.88502
C21: Weighted average | E21: ='2014'!V21 -> 217.99644 | F21: ='2015'!V21 -> 205.87129 | G21: ='2016(p)'!V21 -> 215.12593
C23: Weighted based on 2015 QHP plan selections

Sheet 2014
C1: Original Data | M1: Calculations
C2: State | D2: Issuer Name | E2: Plan ID - Standard Component | F2: Plan Marketing Name | G2: Plan Type | H2: Rating Area | I2: Rating Area | J2: Premium Adult Individual Age 27 | M2: Code | N2: State | P2: Rating Area # | Q2: Number of Silver Plans | R2: Find Rowin Table | S2: Second Lowest Silver Plan | T2: Alternative Lookup | U2: Age Factor | V2: Age 21 Premium | W2: Weight | X2: Weight with no NA | Y2: Age21 x Weight | AA2: See below "Calculations" to check below formulae
A3: 1 | B3: =CONCATENATE(C3,I3) -> GA1 | C3: GA | D3: Anthem Blue Cross and Blue Shield | E3: 49046GA0410007 | F3: BCBSHP Silver DirectAccess w/HSA - cbbg | G3: HMO | H3: Rating Area 1 | I3: 1 | J3: 377.92 | M3: =CONCATENATE(N3,P3) -> GA1 | N3: GA | O3: Rating Area 1 | P3: 1 | Q3: =COUNTIF(B$3:B$343,M3) -> 5 | R3: =MATCH(M3,B$3:B$343,0) -> 1 | S3: =INDEX(J$3:J$343,R3+1) -> 394.62 | T3: =VLOOKUP(R3+1,Silverplans,10,FALSE) -> 394.62 | U3: =_xlfn.IFNA(VLOOKUP(N3,AgeFactors,2,FALSE),AgeFactors!$E$25) -> 1.048 | V3: =T3/U3 -> 376.5458 | W3: =VLOOKUP(M3,Weight,4,FALSE) -> 9027 | X3: =_xlfn.IFNA(W3,0) -> 9027 | Y3: =_xlfn.IFNA(W3*V3,0) -> 3399079 | AA3: weighted average | AB3: =V21 -> 217.99644
A4: 2 | B4: =CONCATENATE(C4,I4) -> GA1 | C4: GA | D4: Anthem Blue Cross and Blue Shield | E4: 49046GA0410010 | F4: BCBSHP Silver DirectAccess - cbds | G4: HMO | H4: Rating Area 1 | I4: 1 | J4: 394.62 | M4: =CONCATENATE(N4,P4) -> GA2 | N4: GA | O4: Rating Area 2 | P4: 2 | Q4: =COUNTIF(B$3:B$343,M4) -> 23 | R4: =MATCH(M4,B$3:B$343,0) -> 6 | S4: =INDEX(J$3:J$343,R4+1) -> 199.04 | T4: =VLOOKUP(R4+1,Silverplans,10,FALSE) -> 199.04 | U4: =_xlfn.IFNA(VLOOKUP(N4,AgeFactors,2,FALSE),AgeFactors!$E$25) -> 1.048 | V4: =T4/U4 -> 189.92366 | W4: =VLOOKUP(M4,Weight,4,FALSE) -> 14591 | X4: =_xlfn.IFNA(W4,0) -> 14591 | Y4: =_xlfn.IFNA(W4*V4,0) -> 2771176.2 | AA4: Median | AB4: =V19 -> 249.9666
A5: 3 | B5: =CONCATENATE(C5,I5) -> GA1 | C5: GA | D5: Anthem Blue Cross and Blue Shield | E5: 49046GA0410009 | F5: BCBSHP Silver DirectAccess - cbiq | G5: HMO | H5: Rating Area 1 | I5: 1 | J5: 405.62 | M5: =CONCATENATE(N5,P5) -> GA3 | N5: GA | O5: Rating Area 3 | P5: 3 | Q5: =COUNTIF(B$3:B$343,M5) -> 24 | R5: =MATCH(M5,B$3:B$343,0) -> 29 | S5: =INDEX(J$3:J$343,R5+1) -> 205.38 | T5: =VLOOKUP(R5+1,Silverplans,10,FALSE) -> 205.38 | U5: =_xlfn.IFNA(VLOOKUP(N5,AgeFactors,2,FALSE),AgeFactors!$E$25) -> 1.048 | V5: =T5/U5 -> 195.97328 | W5: =VLOOKUP(M5,Weight,4,FALSE) -> 341300 | X5: =_xlfn.IFNA(W5,0) -> 341300 | Y5: =_xlfn.IFNA(W5*V5,0) -> 66885681 | AA5: simple average | AB5: =V20 -> 256.62572
A6: 4 | B6: =CONCATENATE(C6,I6) -> GA1 | C6: GA | D6: Anthem Blue Cross and Blue Shield | E6: 49046GA0610001 | F6: Blue Cross and Blue Shield Healthcare Plan of Georgia Silver DirectAccess, a Multi-State Plan | G6: HMO | H6: Rating Area 1 | I6: 1 | J6: 405.62 | M6: =CONCATENATE(N6,P6) -> GA4 | N6: GA | O6: Rating Area 4 | P6: 4 | Q6: =COUNTIF(B$3:B$343,M6) -> 11 | R6: =MATCH(M6,B$3:B$343,0) -> 53 | S6: =INDEX(J$3:J$343,R6+1) -> 243 | T6: =VLOOKUP(R6+1,Silverplans,10,FALSE) -> 243 | U6: =_xlfn.IFNA(VLOOKUP(N6,AgeFactors,2,FALSE),AgeFactors!$E$25) -> 1.048 | V6: =T6/U6 -> 231.87023 | W6: =VLOOKUP(M6,Weight,4,FALSE) -> 7945 | X6: =_xlfn.IFNA(W6,0) -> 7945 | Y6: =_xlfn.IFNA(W6*V6,0) -> 1842209
A7: 5 | B7: =CONCATENATE(C7,I7) -> GA1 | C7: GA | D7: Anthem Blue Cross and Blue Shield | E7: 49046GA0410008 | F7: BCBSHP Silver DirectAccess - cbaa | G7: HMO | H7: Rating Area 1 | I7: 1 | J7: 410.15 | M7: =CONCATENATE(N7,P7) -> GA5 | N7: GA | O7: Rating Area 5 | P7: 5 | Q7: =COUNTIF(B$3:B$343,M7) -> 6 | R7: =MATCH(M7,B$3:B$343,0) -> 64 | S7: =INDEX(J$3:J$343,R7+1) -> 263.36 | T7: =VLOOKUP(R7+1,Silverplans,10,FALSE) -> 263.36 | U7: =_xlfn.IFNA(VLOOKUP(N7,AgeFactors,2,FALSE),AgeFactors!$E$25) -> 1.048 | V7: =T7/U7 -> 251.29771 | W7: =VLOOKUP(M7,Weight,4,FALSE) -> 22577 | X7: =_xlfn.IFNA(W7,0) -> 22577 | Y7: =_xlfn.IFNA(W7*V7,0) -> 5673548.4
A8: 6 | B8: =CONCATENATE(C8,I8) -> GA2 | C8: GA | D8: Ambetter from Peach State Health Plan | E8: 45495GA0010009 | F8: Ambetter Silver 5 | G8: HMO | H8: Rating Area 2 | I8: 2 | J8: 196.57 | M8: =CONCATENATE(N8,P8) -> GA6 | N8: GA | O8: Rating Area 6 | P8: 6 | Q8: =COUNTIF(B$3:B$343,M8) -> 6 | R8: =MATCH(M8,B$3:B$343,0) -> 70 | S8: =INDEX(J$3:J$343,R8+1) -> 333.69 | T8: =VLOOKUP(R8+1,Silverplans,10,FALSE) -> 333.69 | U8: =_xlfn.IFNA(VLOOKUP(N8,AgeFactors,2,FALSE),AgeFactors!$E$25) -> 1.048 | V8: =T8/U8 -> 318.40649 | W8: =VLOOKUP(M8,Weight,4,FALSE) -> 12955 | X8: =_xlfn.IFNA(W8,0) -> 12955 | Y8: =_xlfn.IFNA(W8*V8,0) -> 4124956.1
A9: 7 | B9: =CONCATENATE(C9,I9) -> GA2 | C9: GA | D9: Ambetter from Peach State Health Plan | E9: 45495GA0010007 | F9: Ambetter Silver 3 | G9: HMO | H9: Rating Area 2 | I9: 2 | J9: 199.04 | M9: =CONCATENATE(N9,P9) -> GA7 | N9: GA | O9: Rating Area 7 | P9: 7 | Q9: =COUNTIF(B$3:B$343,M9) -> 7 | R9: =MATCH(M9,B$3:B$343,0) -> 76 | S9: =INDEX(J$3:J$343,R9+1) -> 286.77 | T9: =VLOOKUP(R9+1,Silverplans,10,FALSE) -> 286.77 | U9: =_xlfn.IFNA(VLOOKUP(N9,AgeFactors,2,FALSE),AgeFactors!$E$25) -> 1.048 | V9: =T9/U9 -> 273.6355 | W9: =VLOOKUP(M9,Weight,4,FALSE) -> 5220 | X9: =_xlfn.IFNA(W9,0) -> 5220 | Y9: =_xlfn.IFNA(W9*V9,0) -> 1428377.3
A10: 8 | B10: =CONCATENATE(C10,I10) -> GA2 | C10: GA | D10: Ambetter from Peach State Health Plan | E10: 45495GA0020009 | F10: Ambetter Silver 5 + Vision | G10: HMO | H10: Rating Area 2 | I10: 2 | J10: 200.25 | M10: =CONCATENATE(N10,P10) -> GA8 | N10: GA | O10: Rating Area 8 | P10: 8 | Q10: =COUNTIF(B$3:B$343,M10) -> 22 | R10: =MATCH(M10,B$3:B$343,0) -> 83 | S10: =INDEX(J$3:J$343,R10+1) -> 209.13 | T10: =VLOOKUP(R10+1,Silverplans,10,FALSE) -> 209.13 | U10: =_xlfn.IFNA(VLOOKUP(N10,AgeFactors,2,FALSE),AgeFactors!$E$25) -> 1.048 | V10: =T10/U10 -> 199.55153 | W10: =VLOOKUP(M10,Weight,4,FALSE) -> 13483 | X10: =_xlfn.IFNA(W10,0) -> 13483 | Y10: =_xlfn.IFNA(W10*V10,0) -> 2690553.2
A11: 9 | B11: =CONCATENATE(C11,I11) -> GA2 | C11: GA | D11: Ambetter from Peach State Health Plan | E11: 45495GA0020007 | F11: Ambetter Silver 3 + Vision | G11: HMO | H11: Rating Area 2 | I11: 2 | J11: 202.77 | M11: =CONCATENATE(N11,P11) -> GA9 | N11: GA | O11: Rating Area 9 | P11: 9 | Q11: =COUNTIF(B$3:B$343,M11) -> 7 | R11: =MATCH(M11,B$3:B$343,0) -> 105 | S11: =INDEX(J$3:J$343,R11+1) -> 275.19 | T11: =VLOOKUP(R11+1,Silverplans,10,FALSE) -> 275.19 | U11: =_xlfn.IFNA(VLOOKUP(N11,AgeFactors,2,FALSE),AgeFactors!$E$25) -> 1.048 | V11: =T11/U11 -> 262.58588 | W11: =VLOOKUP(M11,Weight,4,FALSE) -> 5564 | X11: =_xlfn.IFNA(W11,0) -> 5564 | Y11: =_xlfn.IFNA(W11*V11,0) -> 1461027.8
A12: 10 | B12: =CONCATENATE(C12,I12) -> GA2 | C12: GA | D12: Ambetter from Peach State Health Plan | E12: 45495GA0010008 | F12: Ambetter Silver 4 | G12: HMO | H12: Rating Area 2 | I12: 2 | J12: 206.25 | M12: =CONCATENATE(N12,P12) -> GA10 | N12: GA | O12: Rating Area 10 | P12: 10 | Q12: =COUNTIF(B$3:B$343,M12) -> 12 | R12: =MATCH(M12,B$3:B$343,0) -> 112 | S12: =INDEX(J$3:J$343,R12+1) -> 200.85 | T12: =VLOOKUP(R12+1,Silverplans,10,FALSE) -> 200.85 | U12: =_xlfn.IFNA(VLOOKUP(N12,AgeFactors,2,FALSE),AgeFactors!$E$25) -> 1.048 | V12: =T12/U12 -> 191.65076 | W12: =VLOOKUP(M12,Weight,4,FALSE) -> 20614 | X12: =_xlfn.IFNA(W12,0) -> 20614 | Y12: =_xlfn.IFNA(W12*V12,0) -> 3950688.8
A13: 11 | B13: =CONCATENATE(C13,I13) -> GA2 | C13: GA | D13: Ambetter from Peach State Health Plan | E13: 45495GA0030009 | F13: Ambetter Silver 5 + Vision + Adult Dental | G13: HMO | H13: Rating Area 2 | I13: 2 | J13: 207.26 | M13: =CONCATENATE(N13,P13) -> GA11 | N13: GA | O13: Rating Area 11 | P13: 11 | Q13: =COUNTIF(B$3:B$343,M13) -> 6 | R13: =MATCH(M13,B$3:B$343,0) -> 124 | S13: =INDEX(J$3:J$343,R13+1) -> 311.8 | T13: =VLOOKUP(R13+1,Silverplans,10,FALSE) -> 311.8 | U13: =_xlfn.IFNA(VLOOKUP(N13,AgeFactors,2,FALSE),AgeFactors!$E$25) -> 1.048 | V13: =T13/U13 -> 297.51908 | W13: =VLOOKUP(M13,Weight,4,FALSE) -> 6195 | X13: =_xlfn.IFNA(W13,0) -> 6195 | Y13: =_xlfn.IFNA(W13*V13,0) -> 1843130.7
A14: 12 | B14: =CONCATENATE(C14,I14) -> GA2 | C14: GA | D14: Ambetter from Peach State Health Plan | E14: 45495GA0010005 | F14: Ambetter Silver 1 | G14: HMO | H14: Rating Area 2 | I14: 2 | J14: 209.13 | M14: =CONCATENATE(N14,P14) -> GA12 | N14: GA | O14: Rating Area 12 | P14: 12 | Q14: =COUNTIF(B$3:B$343,M14) -> 6 | R14: =MATCH(M14,B$3:B$343,0) -> 130 | S14: =INDEX(J$3:J$343,R14+1) -> 258.3 | T14: =VLOOKUP(R14+1,Silverplans,10,FALSE) -> 258.3 | U14: =_xlfn.IFNA(VLOOKUP(N14,AgeFactors,2,FALSE),AgeFactors!$E$25) -> 1.048 | V14: =T14/U14 -> 246.46947 | W14: =VLOOKUP(M14,Weight,4,FALSE) -> 18563 | X14: =_xlfn.IFNA(W14,0) -> 18563 | Y14: =_xlfn.IFNA(W14*V14,0) -> 4575212.7
A15: 13 | B15: =CONCATENATE(C15,I15) -> GA2 | C15: GA | D15: Ambetter from Peach State Health Plan | E15: 45495GA0030007 | F15: Ambetter Silver 3 + Vision + Adult Dental | G15: HMO | H15: Rating Area 2 | I15: 2 | J15: 209.86 | M15: =CONCATENATE(N15,P15) -> GA13 | N15: GA | O15: Rating Area 13 | P15: 13 | Q15: =COUNTIF(B$3:B$343,M15) -> 12 | R15: =MATCH(M15,B$3:B$343,0) -> 136 | S15: =INDEX(J$3:J$343,R15+1) -> 219.17 | T15: =VLOOKUP(R15+1,Silverplans,10,FALSE) -> 219.17 | U15: =_xlfn.IFNA(VLOOKUP(N15,AgeFactors,2,FALSE),AgeFactors!$E$25) -> 1.048 | V15: =T15/U15 -> 209.13168 | W15: =VLOOKUP(M15,Weight,4,FALSE) -> 11235 | X15: =_xlfn.IFNA(W15,0) -> 11235 | Y15: =_xlfn.IFNA(W15*V15,0) -> 2349594.4
A16: 14 | B16: =CONCATENATE(C16,I16) -> GA2 | C16: GA | D16: Ambetter from Peach State Health Plan | E16: 45495GA0020008 | F16: Ambetter Silver 4 + Vision | G16: HMO | H16: Rating Area 2 | I16: 2 | J16: 210.11 | M16: =CONCATENATE(N16,P16) -> GA14 | N16: GA | O16: Rating Area 14 | P16: 14 | Q16: =COUNTIF(B$3:B$343,M16) -> 6 | R16: =MATCH(M16,B$3:B$343,0) -> 148 | S16: =INDEX(J$3:J$343,R16+1) -> 280.52 | T16: =VLOOKUP(R16+1,Silverplans,10,FALSE) -> 280.52 | U16: =_xlfn.IFNA(VLOOKUP(N16,AgeFactors,2,FALSE),AgeFactors!$E$25) -> 1.048 | V16: =T16/U16 -> 267.67176 | W16: =VLOOKUP(M16,Weight,4,FALSE) -> 33895 | X16: =_xlfn.IFNA(W16,0) -> 33895 | Y16: =_xlfn.IFNA(W16*V16,0) -> 9072734.2
A17: 15 | B17: =CONCATENATE(C17,I17) -> GA2 | C17: GA | D17: Ambetter from Peach State Health Plan | E17: 45495GA0020005 | F17: Ambetter Silver 1 + Vision | G17: HMO | H17: Rating Area 2 | I17: 2 | J17: 213.04 | M17: =CONCATENATE(N17,P17) -> GA15 | N17: GA | O17: Rating Area 15 | P17: 15 | Q17: =COUNTIF(B$3:B$343,M17) -> 5 | R17: =MATCH(M17,B$3:B$343,0) -> 154 | S17: =INDEX(J$3:J$343,R17+1) -> 361.71 | T17: =VLOOKUP(R17+1,Silverplans,10,FALSE) -> 361.71 | U17: =_xlfn.IFNA(VLOOKUP(N17,AgeFactors,2,FALSE),AgeFactors!$E$25) -> 1.048 | V17: =T17/U17 -> 345.14313 | W17: =VLOOKUP(M17,Weight,4,FALSE) -> 14843 | X17: =_xlfn.IFNA(W17,0) -> 14843 | Y17: =_xlfn.IFNA(W17*V17,0) -> 5122959.5
A18: 16 | B18: =CONCATENATE(C18,I18) -> GA2 | C18: GA | D18: Ambetter from Peach State Health Plan | E18: 45495GA0030008 | F18: Ambetter Silver 4 + Vision + Adult Dental | G18: HMO | H18: Rating Area 2 | I18: 2 | J18: 217.46 | M18: =CONCATENATE(N18,P18) -> GA16 | N18: GA | O18: Rating Area 16 | P18: 16 | Q18: =COUNTIF(B$3:B$343,M18) -> 6 | R18: =MATCH(M18,B$3:B$343,0) -> 159 | S18: =INDEX(J$3:J$343,R18+1) -> 260.57 | T18: =VLOOKUP(R18+1,Silverplans,10,FALSE) -> 260.57 | U18: =_xlfn.IFNA(VLOOKUP(N18,AgeFactors,2,FALSE),AgeFactors!$E$25) -> 1.048 | V18: =T18/U18 -> 248.6355 | W18: =VLOOKUP(M18,Weight,4,FALSE) -> 3025 | X18: =_xlfn.IFNA(W18,0) -> 3025 | Y18: =_xlfn.IFNA(W18*V18,0) -> 752122.38
A19: 17 | B19: =CONCATENATE(C19,I19) -> GA2 | C19: GA | D19: Ambetter from Peach State Health Plan | E19: 45495GA0030005 | F19: Ambetter Silver 1 + Vision + Adult Dental | G19: HMO | H19: Rating Area 2 | I19: 2 | J19: 220.5 | U19: median | V19: =MEDIAN(V3:V18) -> 249.9666
A20: 18 | B20: =CONCATENATE(C20,I20) -> GA2 | C20: GA | D20: Humana Employers Health Plan of Georgia, Inc. | E20: 93332GA0720004 | F20: Humana National Preferred Silver 4250/6250 Plan | G20: POS | H20: Rating Area 2 | I20: 2 | J20: 227.95 | U20: mean | V20: =AVERAGE(V3:V18) -> 256.62572 | X20: =SUM(X3:X18) -> 541032 | Y20: =SUM(Y3:Y18) -> 1.1794305e+08
A21: 19 | B21: =CONCATENATE(C21,I21) -> GA2 | C21: GA | D21: Kaiser Foundation Health Plan of Georgia | E21: 89942GA0050006 | F21: KP GA Silver 1750/25%/HSA | G21: HMO | H21: Rating Area 2 | I21: 2 | J21: 243 | U21: weight average | V21: =Y20/X20 -> 217.99644
A22: 20 | B22: =CONCATENATE(C22,I22) -> GA2 | C22: GA | D22: Anthem Blue Cross and Blue Shield | E22: 49046GA0410007 | F22: BCBSHP Silver DirectAccess w/HSA - cbbg | G22: HMO | H22: Rating Area 2 | I22: 2 | J22: 254.56 | U22: min | V22: =MIN(V3:V18) -> 189.92366
A23: 21 | B23: =CONCATENATE(C23,I23) -> GA2 | C23: GA | D23: Kaiser Foundation Health Plan of Georgia | E23: 89942GA0050005 | F23: KP GA Silver 2500/30 | G23: HMO | H23: Rating Area 2 | I23: 2 | J23: 258 | U23: max | V23: =MAX(V3:V18) -> 376.5458
A24: 22 | B24: =CONCATENATE(C24,I24) -> GA2 | C24: GA | D24: Anthem Blue Cross and Blue Shield | E24: 49046GA0410010 | F24: BCBSHP Silver DirectAccess - cbds | G24: HMO | H24: Rating Area 2 | I24: 2 | J24: 265.81
A25: 23 | B25: =CONCATENATE(C25,I25) -> GA2 | C25: GA | D25: Kaiser Foundation Health Plan of Georgia | E25: 89942GA0050004 | F25: KP GA Silver 1500/30 | G25: HMO | H25: Rating Area 2 | I25: 2 | J25: 273
A26: 24 | B26: =CONCATENATE(C26,I26) -> GA2 | C26: GA | D26: Anthem Blue Cross and Blue Shield | E26: 49046GA0410009 | F26: BCBSHP Silver DirectAccess - cbiq | G26: HMO | H26: Rating Area 2 | I26: 2 | J26: 273.2
A27: 25 | B27: =CONCATENATE(C27,I27) -> GA2 | C27: GA | D27: Anthem Blue Cross and Blue Shield | E27: 49046GA0610001 | F27: Blue Cross and Blue Shield Healthcare Plan of Georgia Silver DirectAccess, a Multi-State Plan | G27: HMO | H27: Rating Area 2 | I27: 2 | J27: 273.2
A28: 26 | B28: =CONCATENATE(C28,I28) -> GA2 | C28: GA | D28: Anthem Blue Cross and Blue Shield | E28: 49046GA0410008 | F28: BCBSHP Silver DirectAccess - cbaa | G28: HMO | H28: Rating Area 2 | I28: 2 | J28: 276.27
A29: 27 | B29: =CONCATENATE(C29,I29) -> GA2 | C29: GA | D29: Alliant Health Plans | E29: 83761GA0040015 | F29: SoloCare | G29: PPO | H29: Rating Area 2 | I29: 2 | J29: 288.95
A30: 28 | B30: =CONCATENATE(C30,I30) -> GA2 | C30: GA | D30: Alliant Health Plans | E30: 83761GA0040010 | F30: SoloCare | G30: PPO | H30: Rating Area 2 | I30: 2 | J30: 301.12
A31: 29 | B31: =CONCATENATE(C31,I31) -> GA3 | C31: GA | D31: Humana Employers Health Plan of Georgia, Inc. | E31: 93332GA0710004 | F31: Humana Connect Silver 4600/6300 Plan | G31: HMO | H31: Rating Area 3 | I31: 3 | J31: 187.8
A32: 30 | B32: =CONCATENATE(C32,I32) -> GA3 | C32: GA | D32: Humana Employers Health Plan of Georgia, Inc. | E32: 93332GA0720004 | F32: Humana National Preferred Silver 4250/6250 Plan | G32: POS | H32: Rating Area 3 | I32: 3 | J32: 205.38
A33: 31 | B33: =CONCATENATE(C33,I33) -> GA3 | C33: GA | D33: Kaiser Foundation Health Plan of Georgia | E33: 89942GA0050006 | F33: KP GA Silver 1750/25%/HSA | G33: HMO | H33: Rating Area 3 | I33: 3 | J33: 243
A34: 32 | B34: =CONCATENATE(C34,I34) -> GA3 | C34: GA | D34: Ambetter from Peach State Health Plan | E34: 45495GA0010009 | F34: Ambetter Silver 5 | G34: HMO | H34: Rating Area 3 | I34: 3 | J34: 247.03
A35: 33 | B35: =CONCATENATE(C35,I35) -> GA3 | C35: GA | D35: Alliant Health Plans | E35: 83761GA0040015 | F35: SoloCare | G35: PPO | H35: Rating Area 3 | I35: 3 | J35: 247.67
... A166: 164 | B166: =CONCATENATE(C166,I166) -> GA16 | C166: GA | D166: Anthem Blue Cross and Blue Shield | E166: 49046GA0410008 | F166: BCBSHP Silver DirectAccess - cbaa | G166: HMO | H166: Rating Area 16 | I166: 16 | J166: 282.79

Sheet 2014&2019 Data
B2: YEAR | C2: DATECAPTURE | D2: PLANID | E2: ST | F2: AREA | G2: CARRIER | H2: PLANNAME | I2: METAL | J2: PLANTYPE | K2: PREMIC | L2: PREMI27 | M2: PREMI50 | N2: PREMI2C30 | O2: PREMC2C30 | P2: CSR | Q2: PLANMARKET | R2: CHILDONLY | S2: NETWORKID | T2: actively_marketed | W2: Family of Four
B3: 2019 | C3: 43399 | D3: 70893GA0020002-04 | E3: GA | F3: GA07 | G3: Ambetter | H3: Ambetter Balanced Care 2 (2019) + Vision | I3: Silver | J3: 2 | L3: 373.56 | M3: 636.63 | N3: 949.96 | O3: 1354.54 | P3: 1 | Q3: 1 | R3: 0 | S3: 200138 | T3: TRUE
B4: 2019 | C4: 43399 | D4: 70893GA0020002-04 | E4: GA | F4: GA03 | G4: Ambetter | H4: Ambetter Balanced Care 2 (2019) + Vision | I4: Silver | J4: 2 | L4: 394.45 | M4: 672.22 | N4: 1003.05 | O4: 1430.24 | P4: 1 | Q4: 1 | R4: 0 | S4: 200138 | T4: TRUE
B5: 2019 | C5: 43399 | D5: 70893GA0020002-04 | E5: GA | F5: GA09 | G5: Ambetter | H5: Ambetter Balanced Care 2 (2019) + Vision | I5: Silver | J5: 2 | L5: 355.78 | M5: 606.31 | N5: 904.71 | O5: 1290.02 | P5: 1 | Q5: 1 | R5: 0 | S5: 200138 | T5: TRUE
B6: 2019 | C6: 43399 | D6: 70893GA0020001-06 | E6: GA | F6: GA07 | G6: Ambetter | H6: Ambetter Balanced Care 1 (2019) + Vision | I6: Silver | J6: 2 | L6: 377.93 | M6: 644.06 | N6: 961.04 | O6: 1370.34 | P6: 1 | Q6: 1 | R6: 0 | S6: 200138 | T6: TRUE
B7: 2019 | C7: 43399 | D7: 70893GA0020001-06 | E7: GA | F7: GA09 | G7: Ambetter | H7: Ambetter Balanced Care 1 (2019) + Vision | I7: Silver | J7: 2 | L7: 359.93 | M7: 613.39 | N7: 915.27 | O7: 1305.08 | P7: 1 | Q7: 1 | R7: 0 | S7: 200138 | T7: TRUE
B8: 2019 | C8: 43399 | D8: 70893GA0020001-05 | E8: GA | F8: GA09 | G8: Ambetter | H8: Ambetter Balanced Care 1 (2019) + Vision | I8: Silver | J8: 2 | L8: 359.93 | M8: 613.39 | N8: 915.27 | O8: 1305.08 | P8: 1 | Q8: 1 | R8: 0 | S8: 200138 | T8: TRUE
B9: 2019 | C9: 43399 | D9: 70893GA0020001-05 | E9: GA | F9: GA03 | G9: Ambetter | H9: Ambetter Balanced Care 1 (2019) + Vision | I9: Silver | J9: 2 | L9: 399.05 | M9: 680.06 | N9: 1014.76 | O9: 1446.94 | P9: 1 | Q9: 1 | R9: 0 | S9: 200138 | T9: TRUE
B10: 2019 | C10: 43399 | D10: 70893GA0020001-06 | E10: GA | F10: GA13 | G10: Ambetter | H10: Ambetter Balanced Care 1 (2019) + Vision | I10: Silver | J10: 2 | L10: 319.63 | M10: 544.72 | N10: 812.81 | O10: 1158.98 | P10: 1 | Q10: 1 | R10: 0 | S10: 200138 | T10: TRUE
B11: 2019 | C11: 43399 | D11: 70893GA0020001-05 | E11: GA | F11: GA07 | G11: Ambetter | H11: Ambetter Balanced Care 1 (2019) + Vision | I11: Silver | J11: 2 | L11: 377.93 | M11: 644.06 | N11: 961.04 | O11: 1370.34 | P11: 1 | Q11: 1 | R11: 0 | S11: 200138 | T11: TRUE
B12: 2019 | C12: 43399 | D12: 70893GA0020002-04 | E12: GA | F12: GA13 | G12: Ambetter | H12: Ambetter Balanced Care 2 (2019) + Vision | I12: Silver | J12: 2 | L12: 315.94 | M12: 538.43 | N12: 803.43 | O12: 1145.6 | P12: 1 | Q12: 1 | R12: 0 | S12: 200138 | T12: TRUE
B13: 2019 | C13: 43399 | D13: 70893GA0020001-06 | E13: GA | F13: GA03 | G13: Ambetter | H13: Ambetter Balanced Care 1 (2019) + Vision | I13: Silver | J13: 2 | L13: 399.05 | M13: 680.06 | N13: 1014.76 | O13: 1446.94 | P13: 1 | Q13: 1 | R13: 0 | S13: 200138 | T13: TRUE
B14: 2019 | C14: 43399 | D14: 70893GA0020001-05 | E14: GA | F14: GA13 | G14: Ambetter | H14: Ambetter Balanced Care 1 (2019) + Vision | I14: Silver | J14: 2 | L14: 319.63 | M14: 544.72 | N14: 812.81 | O14: 1158.98 | P14: 1 | Q14: 1 | R14: 0 | S14: 200138 | T14: TRUE
... B1240: 2019 | C1240: 43400 | D1240: 83761GA0040234-05 | E1240: GA | F1240: GA10 | G1240: Alliant Health Plans | H1240: SoloCare Silver Copay Lumpkin | I1240: Silver | J1240: 1 | L1240: 578.27 | M1240: 985.48 | N1240: 1470.49 | O1240: 2096.76 | P1240: 1 | Q1240: 1 | R1240: 0 | S1240: 200289 | T1240: TRUE
B1241: 2014 | C1241: 42795 | D1241: 45495GA0030007-06 | E1241: GA | F1241: GA02 | G1241: Ambetter | H1241: Ambetter Silver 3 + Vision + Adult Dental | I1241: Silver | J1241: 2 | L1241: 209.86 | M1241: 357.65 | N1241: 481.61 | O1241: 708.9 | P1241: 1 | Q1241: 1 | R1241: 0 | T1241: TRUE
B1242: 2014 | C1242: 42795 | D1242: 45495GA0030007-06 | E1242: GA | F1242: GA03 | G1242: Ambetter | H1242: Ambetter Silver 3 + Vision + Adult Dental | I1242: Silver | J1242: 2 | L1242: 263.74 | M1242: 449.46 | N1242: 605.23 | O1242: 890.86 | P1242: 1 | Q1242: 1 | R1242: 0 | T1242: TRUE
B1243: 2014 | C1243: 42795 | D1243: 45495GA0030007-06 | E1243: GA | F1243: GA08 | G1243: Ambetter | H1243: Ambetter Silver 3 + Vision + Adult Dental | I1243: Silver | J1243: 2 | L1243: 231.31 | M1243: 394.2 | N1243: 530.81 | O1243: 781.32 | P1243: 1 | Q1243: 1 | R1243: 0 | T1243: TRUE
B1244: 2014 | C1244: 42795 | D1244: 93332GA0710007 | E1244: GA | F1244: GA10 | G1244: Humana | H1244: Humana Connect Platinum 1000/1500 Plan | I1244: Platinum | J1244: 2 | L1244: 241.5 | M1244: 411.58 | N1244: 554.19 | O1244: 815.74 | P1244: 0 | Q1244: 3 | R1244: 0 | T1244: TRUE
B1245: 2014 | C1245: 42795 | D1245: 93332GA0710007 | E1245: GA | F1245: GA03 | G1245: Humana | H1245: Humana Connect Platinum 1000/1500 Plan | I1245: Platinum | J1245: 2 | L1245: 241.5 | M1245: 411.58 | N1245: 554.19 | O1245: 815.74 | P1245: 0 | Q1245: 3 | R1245: 0 | T1245: TRUE
B1246: 2014 | C1246: 42795 | D1246: 93332GA0710007 | E1246: GA | F1246: GA13 | G1246: Humana | H1246: Humana Connect Platinum 1000/1500 Plan | I1246: Platinum | J1246: 2 | L1246: 241.5 | M1246: 411.58 | N1246: 554.19 | O1246: 815.74 | P1246: 0 | Q1246: 3 | R1246: 0 | T1246: TRUE
B1247: 2014 | C1247: 42795 | D1247: 93332GA0710004-06 | E1247: GA | F1247: GA10 | G1247: Humana | H1247: Humana Connect Silver 4600/6300 Plan | I1247: Silver | J1247: 2 | L1247: 187.8 | M1247: 320.06 | N1247: 430.95 | O1247: 634.34 | P1247: 1 | Q1247: 1 | R1247: 0 | T1247: TRUE
B1248: 2014 | C1248: 42795 | D1248: 93332GA0710004-06 | E1248: GA | F1248: GA13 | G1248: Humana | H1248: Humana Connect Silver 4600/6300 Plan | I1248: Silver | J1248: 2 | L1248: 187.8 | M1248: 320.06 | N1248: 430.95 | O1248: 634.34 | P1248: 1 | Q1248: 1 | R1248: 0 | T1248: TRUE
B1249: 2014 | C1249: 42795 | D1249: 93332GA0710004-06 | E1249: GA | F1249: GA03 | G1249: Humana | H1249: Humana Connect Silver 4600/6300 Plan | I1249: Silver | J1249: 2 | L1249: 187.8 | M1249: 320.06 | N1249: 430.95 | O1249: 634.34 | P1249: 1 | Q1249: 1 | R1249: 0 | T1249: TRUE
B1250: 2014 | C1250: 42795 | D1250: 83761GA0040010-05 | E1250: GA | F1250: GA03 | G1250: Alliant Health Plans | H1250: SoloCare | I1250: Silver | J1250: 1 | L1250: 258.1 | M1250: 439.85 | N1250: 592.31 | O1250: 871.84 | P1250: 1 | Q1250: 1 | R1250: 0 | T1250: TRUE
B1251: 2014 | C1251: 42795 | D1251: 83761GA0040010-05 | E1251: GA | F1251: GA09 | G1251: Alliant Health Plans | H1251: SoloCare | I1251: Silver | J1251: 1 | L1251: 286.78 | M1251: 488.73 | N1251: 658.1 | O1251: 968.68 | P1251: 1 | Q1251: 1 | R1251: 0 | T1251: TRUE
B1252: 2014 | C1252: 42795 | D1252: 83761GA0040010-05 | E1252: GA | F1252: GA10 | G1252: Alliant Health Plans | H1252: SoloCare | I1252: Silver | J1252: 1 | L1252: 272.44 | M1252: 464.29 | N1252: 625.19 | O1252: 920.24 | P1252: 1 | Q1252: 1 | R1252: 0 | T1252: TRUE
... B2233: 2014 | C2233: 42795 | D2233: 83761GA0040010-06 | E2233: GA | F2233: GA02 | G2233: Alliant Health Plans | H2233: SoloCare | I2233: Silver | J2233: 1 | L2233: 301.12 | M2233: 513.16 | N2233: 691.01 | O2233: 1017.12 | P2233: 1 | Q2233: 1 | R2233: 0 | T2233: TRUE

Sheet CostAnalysis
F1: Number of Plans | K1: Sum of Premiums for Family of Four | P1: Average Premium for Family of Four | U1: Number of Plans | Z1: Sum of Premiums for Family of Four | AE1: Average Premium for Family of Four
F2: 2014 | G2: 2014 | H2: 2014 | I2: 2014 | J2: 2014 | K2: 2014 | L2: 2014 | M2: 2014 | N2: 2014 | O2: 2014 | P2: 2014 | Q2: 2014 | R2: 2014 | S2: 2014 | T2: 2014 | U2: 2019 | V2: 2019 | W2: 2019 | X2: 2019 | Y2: 2019 | Z2: 2019 | AA2: 2019 | AB2: 2019 | AC2: 2019 | AD2: 2019 | AE2: 2019 | AF2: 2019 | AG2: 2019 | AH2: 2019 | AI2: 2019 | AK2: Price increases
B3: Code | C3: State | E3: Rating Area # | F3: Catastrophic | G3: Bronze | H3: Silver | I3: Gold | J3: Platinum | K3: Catastrophic | L3: Bronze | M3: Silver | N3: Gold | O3: Platinum | P3: Catastrophic | Q3: Bronze | R3: Silver | S3: Gold | T3: Platinum | U3: Catastrophic | V3: Bronze | W3: Silver | X3: Gold | Y3: Platinum | Z3: Catastrophic | AA3: Bronze | AB3: Silver | AC3: Gold | AD3: Platinum | AE3: Catastrophic | AF3: Bronze | AG3: Silver | AH3: Gold | AI3: Platinum | AK3: Platinum | AL3: Catastrophic | AM3: Bronze | AN3: Silver | AO3: Gold | AP3: Platinum
A4: GA01 | B4: =CONCATENATE(C4,E4) -> GA1 | C4: GA | D4: Rating Area 1 | E4: 1 | F4: =COUNTIFS(Metal,F$3,YEAR,F$2,AREA,$A4) -> 1 | G4: =COUNTIFS(Metal,G$3,YEAR,G$2,AREA,$A4) -> 6 | H4: =COUNTIFS(Metal,H$3,YEAR,H$2,AREA,$A4) -> 20 | I4: =COUNTIFS(Metal,I$3,YEAR,I$2,AREA,$A4) -> 3 | J4: =COUNTIFS(Metal,J$3,YEAR,J$2,AREA,$A4) -> 0 | K4: =SUMIFS(PREMC2CA30,AREA,$A4,YEAR,K$2,Metal,K$3) -> 871.52 | L4: =SUMIFS(PREMC2CA30,AREA,$A4,YEAR,L$2,Metal,L$3) -> 6640.8 | M4: =SUMIFS(PREMC2CA30,AREA,$A4,YEAR,M$2,Metal,M$3) -> 26940.72 | N4: =SUMIFS(PREMC2CA30,AREA,$A4,YEAR,N$2,Metal,N$3) -> 5107.3 | O4: =SUMIFS(PREMC2CA30,AREA,$A4,YEAR,O$2,Metal,O$3) -> 0 | P4: =K4/F4 -> 871.52 | Q4: =L4/G4 -> 1106.8 | R4: =M4/H4 -> 1347.036 | S4: =N4/I4 -> 1702.4333 | T4: =O4/J4 -> #DIV/0! | U4: =COUNTIFS(Metal,U$3,YEAR,U$2,AREA,$A4) -> 0 | V4: =COUNTIFS(Metal,V$3,YEAR,V$2,AREA,$A4) -> 2 | W4: =COUNTIFS(Metal,W$3,YEAR,W$2,AREA,$A4) -> 44 | X4: =COUNTIFS(Metal,X$3,YEAR,X$2,AREA,$A4) -> 1 | Y4: =COUNTIFS(Metal,Y$3,YEAR,Y$2,AREA,$A4) -> 0 | Z4: =SUMIFS(PREMC2CA30,AREA,$A4,YEAR,Z$2,Metal,Z$3) -> 0 | AA4: =SUMIFS(PREMC2CA30,AREA,$A4,YEAR,AA$2,Metal,AA$3) -> 2752.16 | AB4: =SUMIFS(PREMC2CA30,AREA,$A4,YEAR,AB$2,Metal,AB$3) -> 73101.76 | AC4: =SUMIFS(PREMC2CA30,AREA,$A4,YEAR,AC$2,Metal,AC$3) -> 1690.98 | AD4: =SUMIFS(PREMC2CA30,AREA,$A4,YEAR,AD$2,Metal,AD$3) -> 0 | AE4: =Z4/U4 -> #DIV/0! | AF4: =AA4/V4 -> 1376.08 | AG4: =AB4/W4 -> 1661.4036 | AH4: =AC4/X4 -> 1690.98 | AI4: =AD4/Y4 -> #DIV/0! | AK4: =AE4/P4-1 -> #DIV/0! | AL4: =AF4/Q4-1 -> 0.24329599 | AM4: =AG4/R4-1 -> 0.23337731 | AN4: =AH4/S4-1 -> -0.0067276252 | AO4: =AI4/T4-1 -> #DIV/0! | AP4: =AJ4/U4-1 -> #DIV/0!
A5: GA02 | B5: =CONCATENATE(C5,E5) -> GA2 | C5: GA | D5: Rating Area 2 | E5: 2 | F5: =COUNTIFS(Metal,F$3,YEAR,F$2,AREA,$A5) -> 3 | G5: =COUNTIFS(Metal,G$3,YEAR,G$2,AREA,$A5) -> 21 | H5: =COUNTIFS(Metal,H$3,YEAR,H$2,AREA,$A5) -> 92 | I5: =COUNTIFS(Metal,I$3,YEAR,I$2,AREA,$A5) -> 14 | J5: =COUNTIFS(Metal,J$3,YEAR,J$2,AREA,$A5) -> 1 | K5: =SUMIFS(PREMC2CA30,AREA,$A5,YEAR,K$2,Metal,K$3) -> 1617.64 | L5: =SUMIFS(PREMC2CA30,AREA,$A5,YEAR,L$2,Metal,L$3) -> 14095.2 | M5: =SUMIFS(PREMC2CA30,AREA,$A5,YEAR,M$2,Metal,M$3) -> 73329.12 | N5: =SUMIFS(PREMC2CA30,AREA,$A5,YEAR,N$2,Metal,N$3) -> 13673.32 | O5: =SUMIFS(PREMC2CA30,AREA,$A5,YEAR,O$2,Metal,O$3) -> 995.56 | P5: =K5/F5 -> 539.21333 | Q5: =L5/G5 -> 671.2 | R5: =M5/H5 -> 797.05565 | S5: =N5/I5 -> 976.66571 | T5: =O5/J5 -> 995.56 | U5: =COUNTIFS(Metal,U$3,YEAR,U$2,AREA,$A5) -> 1 | V5: =COUNTIFS(Metal,V$3,YEAR,V$2,AREA,$A5) -> 9 | W5: =COUNTIFS(Metal,W$3,YEAR,W$2,AREA,$A5) -> 61 | X5: =COUNTIFS(Metal,X$3,YEAR,X$2,AREA,$A5) -> 4 | Y5: =COUNTIFS(Metal,Y$3,YEAR,Y$2,AREA,$A5) -> 2 | Z5: =SUMIFS(PREMC2CA30,AREA,$A5,YEAR,Z$2,Metal,Z$3) -> 819.12 | AA5: =SUMIFS(PREMC2CA30,AREA,$A5,YEAR,AA$2,Metal,AA$3) -> 11294.26 | AB5: =SUMIFS(PREMC2CA30,AREA,$A5,YEAR,AB$2,Metal,AB$3) -> 86649.34 | AC5: =SUMIFS(PREMC2CA30,AREA,$A5,YEAR,AC$2,Metal,AC$3) -> 7492.34 | AD5: =SUMIFS(PREMC2CA30,AREA,$A5,YEAR,AD$2,Metal,AD$3) -> 4120.3 | AE5: =Z5/U5 -> 819.12 | AF5: =AA5/V5 -> 1254.9178 | AG5: =AB5/W5 -> 1420.481 | AH5: =AC5/X5 -> 1873.085 | AI5: =AD5/Y5 -> 2060.15 | AK5: =AE5/P5-1 -> 0.5191019 | AL5: =AF5/Q5-1 -> 0.86966296 | AM5: =AG5/R5-1 -> 0.78216035 | AN5: =AH5/S5-1 -> 0.91783634 | AO5: =AI5/T5-1 -> 1.0693379 | AP5: =AJ5/U5-1 -> -1
A6: GA03 | B6: =CONCATENATE(C6,E6) -> GA3 | C6: GA | D6: Rating Area 3 | E6: 3 | F6: =COUNTIFS(Metal,F$3,YEAR,F$2,AREA,$A6) -> 4 | G6: =COUNTIFS(Metal,G$3,YEAR,G$2,AREA,$A6) -> 23 | H6: =COUNTIFS(Metal,H$3,YEAR,H$2,AREA,$A6) -> 96 | I6: =COUNTIFS(Metal,I$3,YEAR,I$2,AREA,$A6) -> 15 | J6: =COUNTIFS(Metal,J$3,YEAR,J$2,AREA,$A6) -> 2 | K6: =SUMIFS(PREMC2CA30,AREA,$A6,YEAR,K$2,Metal,K$3) -> 1995.86 | L6: =SUMIFS(PREMC2CA30,AREA,$A6,YEAR,L$2,Metal,L$3) -> 16322.84 | M6: =SUMIFS(PREMC2CA30,AREA,$A6,YEAR,M$2,Metal,M$3) -> 83093.92 | N6: =SUMIFS(PREMC2CA30,AREA,$A6,YEAR,N$2,Metal,N$3) -> 15298.28 | O6: =SUMIFS(PREMC2CA30,AREA,$A6,YEAR,O$2,Metal,O$3) -> 1712.74 | P6: =K6/F6 -> 498.965 | Q6: =L6/G6 -> 709.6887 | R6: =M6/H6 -> 865.56167 | S6: =N6/I6 -> 1019.8853 | T6: =O6/J6 -> 856.37 | U6: =COUNTIFS(Metal,U$3,YEAR,U$2,AREA,$A6) -> 6 | V6: =COUNTIFS(Metal,V$3,YEAR,V$2,AREA,$A6) -> 20 | W6: =COUNTIFS(Metal,W$3,YEAR,W$2,AREA,$A6) -> 126 | X6: =COUNTIFS(Metal,X$3,YEAR,X$2,AREA,$A6) -> 11 | Y6: =COUNTIFS(Metal,Y$3,YEAR,Y$2,AREA,$A6) -> 0 | Z6: =SUMIFS(PREMC2CA30,AREA,$A6,YEAR,Z$2,Metal,Z$3) -> 6128.6 | AA6: =SUMIFS(PREMC2CA30,AREA,$A6,YEAR,AA$2,Metal,AA$3) -> 24442.58 | AB6: =SUMIFS(PREMC2CA30,AREA,$A6,YEAR,AB$2,Metal,AB$3) -> 199738.86 | AC6: =SUMIFS(PREMC2CA30,AREA,$A6,YEAR,AC$2,Metal,AC$3) -> 20987.86 | AD6: =SUMIFS(PREMC2CA30,AREA,$A6,YEAR,AD$2,Metal,AD$3) -> 0 | AE6: =Z6/U6 -> 1021.4333 | AF6: =AA6/V6 -> 1222.129 | AG6: =AB6/W6 -> 1585.229 | AH6: =AC6/X6 -> 1907.9873 | AI6: =AD6/Y6 -> #DIV/0! | AK6: =AE6/P6-1 -> 1.0471042 | AL6: =AF6/Q6-1 -> 0.7220635 | AM6: =AG6/R6-1 -> 0.83144553 | AN6: =AH6/S6-1 -> 0.87078607 | AO6: =AI6/T6-1 -> #DIV/0! | AP6: =AJ6/U6-1 -> -1
A7: GA04 | B7: =CONCATENATE(C7,E7) -> GA4 | C7: GA | D7: Rating Area 4 | E7: 4 | F7: =COUNTIFS(Metal,F$3,YEAR,F$2,AREA,$A7) -> 3 | G7: =COUNTIFS(Metal,G$3,YEAR,G$2,AREA,$A7) -> 12 | H7: =COUNTIFS(Metal,H$3,YEAR,H$2,AREA,$A7) -> 44 | I7: =COUNTIFS(Metal,I$3,YEAR,I$2,AREA,$A7) -> 8 | J7: =COUNTIFS(Metal,J$3,YEAR,J$2,AREA,$A7) -> 1 | K7: =SUMIFS(PREMC2CA30,AREA,$A7,YEAR,K$2,Metal,K$3) -> 1731.08 | L7: =SUMIFS(PREMC2CA30,AREA,$A7,YEAR,L$2,Metal,L$3) -> 9875.74 | M7: =SUMIFS(PREMC2CA30,AREA,$A7,YEAR,M$2,Metal,M$3) -> 44132 | N7: =SUMIFS(PREMC2CA30,AREA,$A7,YEAR,N$2,Metal,N$3) -> 9442.42 | O7: =SUMIFS(PREMC2CA30,AREA,$A7,YEAR,O$2,Metal,O$3) -> 933.52 | P7: =K7/F7 -> 577.02667 | Q7: =L7/G7 -> 822.97833 | R7: =M7/H7 -> 1003 | S7: =N7/I7 -> 1180.3025 | T7: =O7/J7 -> 933.52 | U7: =COUNTIFS(Metal,U$3,YEAR,U$2,AREA,$A7) -> 1 | V7: =COUNTIFS(Metal,V$3,YEAR,V$2,AREA,$A7) -> 5 | W7: =COUNTIFS(Metal,W$3,YEAR,W$2,AREA,$A7) -> 8 | X7: =COUNTIFS(Metal,X$3,YEAR,X$2,AREA,$A7) -> 1 | Y7: =COUNTIFS(Metal,Y$3,YEAR,Y$2,AREA,$A7) -> 0 | Z7: =SUMIFS(PREMC2CA30,AREA,$A7,YEAR,Z$2,Metal,Z$3) -> 1059.48 | AA7: =SUMIFS(PREMC2CA30,AREA,$A7,YEAR,AA$2,Metal,AA$3) -> 8177.12 | AB7: =SUMIFS(PREMC2CA30,AREA,$A7,YEAR,AB$2,Metal,AB$3) -> 19030.56 | AC7: =SUMIFS(PREMC2CA30,AREA,$A7,YEAR,AC$2,Metal,AC$3) -> 3359.1 | AD7: =SUMIFS(PREMC2CA30,AREA,$A7,YEAR,AD$2,Metal,AD$3) -> 0 | AE7: =Z7/U7 -> 1059.48 | AF7: =AA7/V7 -> 1635.424 | AG7: =AB7/W7 -> 2378.82 | AH7: =AC7/X7 -> 3359.1 | AI7: =AD7/Y7 -> #DIV/0! | AK7: =AE7/P7-1 -> 0.83610232 | AL7: =AF7/Q7-1 -> 0.98720177 | AM7: =AG7/R7-1 -> 1.3717049 | AN7: =AH7/S7-1 -> 1.8459653 | AO7: =AI7/T7-1 -> #DIV/0! | AP7: =AJ7/U7-1 -> -1
A8: GA05 | B8: =CONCATENATE(C8,E8) -> GA5 | C8: GA | D8: Rating Area 5 | E8: 5 | F8: =COUNTIFS(Metal,F$3,YEAR,F$2,AREA,$A8) -> 2 | G8: =COUNTIFS(Metal,G$3,YEAR,G$2,AREA,$A8) -> 7 | H8: =COUNTIFS(Metal,H$3,YEAR,H$2,AREA,$A8) -> 24 | I8: =COUNTIFS(Metal,I$3,YEAR,I$2,AREA,$A8) -> 4 | J8: =COUNTIFS(Metal,J$3,YEAR,J$2,AREA,$A8) -> 1 | K8: =SUMIFS(PREMC2CA30,AREA,$A8,YEAR,K$2,Metal,K$3) -> 1086.26 | L8: =SUMIFS(PREMC2CA30,AREA,$A8,YEAR,L$2,Metal,L$3) -> 5222.9 | M8: =SUMIFS(PREMC2CA30,AREA,$A8,YEAR,M$2,Metal,M$3) -> 21585.84 | N8: =SUMIFS(PREMC2CA30,AREA,$A8,YEAR,N$2,Metal,N$3) -> 4365.52 | O8: =SUMIFS(PREMC2CA30,AREA,$A8,YEAR,O$2,Metal,O$3) -> 908.9 | P8: =K8/F8 -> 543.13 | Q8: =L8/G8 -> 746.12857 | R8: =M8/H8 -> 899.41 | S8: =N8/I8 -> 1091.38 | T8: =O8/J8 -> 908.9 | U8: =COUNTIFS(Metal,U$3,YEAR,U$2,AREA,$A8) -> 2 | V8: =COUNTIFS(Metal,V$3,YEAR,V$2,AREA,$A8) -> 10 | W8: =COUNTIFS(Metal,W$3,YEAR,W$2,AREA,$A8) -> 16 | X8: =COUNTIFS(Metal,X$3,YEAR,X$2,AREA,$A8) -> 2 | Y8: =COUNTIFS(Metal,Y$3,YEAR,Y$2,AREA,$A8) -> 0 | Z8: =SUMIFS(PREMC2CA30,AREA,$A8,YEAR,Z$2,Metal,Z$3) -> 1403.16 | AA8: =SUMIFS(PREMC2CA30,AREA,$A8,YEAR,AA$2,Metal,AA$3) -> 10828.78 | AB8: =SUMIFS(PREMC2CA30,AREA,$A8,YEAR,AB$2,Metal,AB$3) -> 25201.04 | AC8: =SUMIFS(PREMC2CA30,AREA,$A8,YEAR,AC$2,Metal,AC$3) -> 4447.96 | AD8: =SUMIFS(PREMC2CA30,AREA,$A8,YEAR,AD$2,Metal,AD$3) -> 0 | AE8: =Z8/U8 -> 701.58 | AF8: =AA8/V8 -> 1082.878 | AG8: =AB8/W8 -> 1575.065 | AH8: =AC8/X8 -> 2223.98 | AI8: =AD8/Y8 -> #DIV/0! | AK8: =AE8/P8-1 -> 0.29173494 | AL8: =AF8/Q8-1 -> 0.45132896 | AM8: =AG8/R8-1 -> 0.75122024 | AN8: =AH8/S8-1 -> 1.0377687 | AO8: =AI8/T8-1 -> #DIV/0! | AP8: =AJ8/U8-1 -> -1
A9: GA06 | B9: =CONCATENATE(C9,E9) -> GA6 | C9: GA | D9: Rating Area 6 | E9: 6 | F9: =COUNTIFS(Metal,F$3,YEAR,F$2,AREA,$A9) -> 2 | G9: =COUNTIFS(Metal,G$3,YEAR,G$2,AREA,$A9) -> 7 | H9: =COUNTIFS(Metal,H$3,YEAR,H$2,AREA,$A9) -> 24 | I9: =COUNTIFS(Metal,I$3,YEAR,I$2,AREA,$A9) -> 4 | J9: =COUNTIFS(Metal,J$3,YEAR,J$2,AREA,$A9) -> 1 | K9: =SUMIFS(PREMC2CA30,AREA,$A9,YEAR,K$2,Metal,K$3) -> 1226.74 | L9: =SUMIFS(PREMC2CA30,AREA,$A9,YEAR,L$2,Metal,L$3) -> 6431.8 | M9: =SUMIFS(PREMC2CA30,AREA,$A9,YEAR,M$2,Metal,M$3) -> 26472.48 | N9: =SUMIFS(PREMC2CA30,AREA,$A9,YEAR,N$2,Metal,N$3) -> 5279.44 | O9: =SUMIFS(PREMC2CA30,AREA,$A9,YEAR,O$2,Metal,O$3) -> 867.58 | P9: =K9/F9 -> 613.37 | Q9: =L9/G9 -> 918.82857 | R9: =M9/H9 -> 1103.02 | S9: =N9/I9 -> 1319.86 | T9: =O9/J9 -> 867.58 | U9: =COUNTIFS(Metal,U$3,YEAR,U$2,AREA,$A9) -> 1 | V9: =COUNTIFS(Metal,V$3,YEAR,V$2,AREA,$A9) -> 7 | W9: =COUNTIFS(Metal,W$3,YEAR,W$2,AREA,$A9) -> 52 | X9: =COUNTIFS(Metal,X$3,YEAR,X$2,AREA,$A9) -> 2 | Y9: =COUNTIFS(Metal,Y$3,YEAR,Y$2,AREA,$A9) -> 0 | Z9: =SUMIFS(PREMC2CA30,AREA,$A9,YEAR,Z$2,Metal,Z$3) -> 949.2 | AA9: =SUMIFS(PREMC2CA30,AREA,$A9,YEAR,AA$2,Metal,AA$3) -> 9251.04 | AB9: =SUMIFS(PREMC2CA30,AREA,$A9,YEAR,AB$2,Metal,AB$3) -> 68183.2 | AC9: =SUMIFS(PREMC2CA30,AREA,$A9,YEAR,AC$2,Metal,AC$3) -> 4192.22 | AD9: =SUMIFS(PREMC2CA30,AREA,$A9,YEAR,AD$2,Metal,AD$3) -> 0 | AE9: =Z9/U9 -> 949.2 | AF9: =AA9/V9 -> 1321.5771 | AG9: =AB9/W9 -> 1311.2154 | AH9: =AC9/X9 -> 2096.11 | AI9: =AD9/Y9 -> #DIV/0! | AK9: =AE9/P9-1 -> 0.54751618 | AL9: =AF9/Q9-1 -> 0.43832831 | AM9: =AG9/R9-1 -> 0.18875033 | AN9: =AH9/S9-1 -> 0.58813056 | AO9: =AI9/T9-1 -> #DIV/0! | AP9: =AJ9/U9-1 -> -1
A10: GA07 | B10: =CONCATENATE(C10,E10) -> GA7 | C10: GA | D10: Rating Area 7 | E10: 7 | F10: =COUNTIFS(Metal,F$3,YEAR,F$2,AREA,$A10) -> 1 | G10: =COUNTIFS(Metal,G$3,YEAR,G$2,AREA,$A10) -> 8 | H10: =COUNTIFS(Metal,H$3,YEAR,H$2,AREA,$A10) -> 28 | I10: =COUNTIFS(Metal,I$3,YEAR,I$2,AREA,$A10) -> 5 | J10: =COUNTIFS(Metal,J$3,YEAR,J$2,AREA,$A10) -> 0 | K10: =SUMIFS(PREMC2CA30,AREA,$A10,YEAR,K$2,Metal,K$3) -> 673.42 | L10: =SUMIFS(PREMC2CA30,AREA,$A10,YEAR,L$2,Metal,L$3) -> 6755.74 | M10: =SUMIFS(PREMC2CA30,AREA,$A10,YEAR,M$2,Metal,M$3) -> 28410.08 | N10: =SUMIFS(PREMC2CA30,AREA,$A10,YEAR,N$2,Metal,N$3) -> 6071.26 | O10: =SUMIFS(PREMC2CA30,AREA,$A10,YEAR,O$2,Metal,O$3) -> 0 | P10: =K10/F10 -> 673.42 | Q10: =L10/G10 -> 844.4675 | R10: =M10/H10 -> 1014.6457 | S10: =N10/I10 -> 1214.252 | T10: =O10/J10 -> #DIV/0! | U10: =COUNTIFS(Metal,U$3,YEAR,U$2,AREA,$A10) -> 0 | V10: =COUNTIFS(Metal,V$3,YEAR,V$2,AREA,$A10) -> 2 | W10: =COUNTIFS(Metal,W$3,YEAR,W$2,AREA,$A10) -> 44 | X10: =COUNTIFS(Metal,X$3,YEAR,X$2,AREA,$A10) -> 1 | Y10: =COUNTIFS(Metal,Y$3,YEAR,Y$2,AREA,$A10) -> 0 | Z10: =SUMIFS(PREMC2CA30,AREA,$A10,YEAR,Z$2,Metal,Z$3) -> 0 | AA10: =SUMIFS(PREMC2CA30,AREA,$A10,YEAR,AA$2,Metal,AA$3) -> 2276.22 | AB10: =SUMIFS(PREMC2CA30,AREA,$A10,YEAR,AB$2,Metal,AB$3) -> 60458.88 | AC10: =SUMIFS(PREMC2CA30,AREA,$A10,YEAR,AC$2,Metal,AC$3) -> 1398.54 | AD10: =SUMIFS(PREMC2CA30,AREA,$A10,YEAR,AD$2,Metal,AD$3) -> 0 | AE10: =Z10/U10 -> #DIV/0! | AF10: =AA10/V10 -> 1138.11 | AG10: =AB10/W10 -> 1374.0655 | AH10: =AC10/X10 -> 1398.54 | AI10: =AD10/Y10 -> #DIV/0! | AK10: =AE10/P10-1 -> #DIV/0! | AL10: =AF10/Q10-1 -> 0.34772505 | AM10: =AG10/R10-1 -> 0.35423176 | AN10: =AH10/S10-1 -> 0.1517708 | AO10: =AI10/T10-1 -> #DIV/0! | AP10: =AJ10/U10-1 -> #DIV/0!
A11: GA08 | B11: =CONCATENATE(C11,E11) -> GA8 | C11: GA | D11: Rating Area 8 | E11: 8 | F11: =COUNTIFS(Metal,F$3,YEAR,F$2,AREA,$A11) -> 4 | G11: =COUNTIFS(Metal,G$3,YEAR,G$2,AREA,$A11) -> 21 | H11: =COUNTIFS(Metal,H$3,YEAR,H$2,AREA,$A11) -> 88 | I11: =COUNTIFS(Metal,I$3,YEAR,I$2,AREA,$A11) -> 13 | J11: =COUNTIFS(Metal,J$3,YEAR,J$2,AREA,$A11) -> 2 | K11: =SUMIFS(PREMC2CA30,AREA,$A11,YEAR,K$2,Metal,K$3) -> 2047.28 | L11: =SUMIFS(PREMC2CA30,AREA,$A11,YEAR,L$2,Metal,L$3) -> 14258.94 | M11: =SUMIFS(PREMC2CA30,AREA,$A11,YEAR,M$2,Metal,M$3) -> 71840.48 | N11: =SUMIFS(PREMC2CA30,AREA,$A11,YEAR,N$2,Metal,N$3) -> 12768.58 | O11: =SUMIFS(PREMC2CA30,AREA,$A11,YEAR,O$2,Metal,O$3) -> 1774.08 | P11: =K11/F11 -> 511.82 | Q11: =L11/G11 -> 678.99714 | R11: =M11/H11 -> 816.36909 | S11: =N11/I11 -> 982.19846 | T11: =O11/J11 -> 887.04 | U11: =COUNTIFS(Metal,U$3,YEAR,U$2,AREA,$A11) -> 1 | V11: =COUNTIFS(Metal,V$3,YEAR,V$2,AREA,$A11) -> 7 | W11: =COUNTIFS(Metal,W$3,YEAR,W$2,AREA,$A11) -> 52 | X11: =COUNTIFS(Metal,X$3,YEAR,X$2,AREA,$A11) -> 2 | Y11: =COUNTIFS(Metal,Y$3,YEAR,Y$2,AREA,$A11) -> 0 | Z11: =SUMIFS(PREMC2CA30,AREA,$A11,YEAR,Z$2,Metal,Z$3) -> 874.04 | AA11: =SUMIFS(PREMC2CA30,AREA,$A11,YEAR,AA$2,Metal,AA$3) -> 8866.64 | AB11: =SUMIFS(PREMC2CA30,AREA,$A11,YEAR,AB$2,Metal,AB$3) -> 72027.92 | AC11: =SUMIFS(PREMC2CA30,AREA,$A11,YEAR,AC$2,Metal,AC$3) -> 4074.16 | AD11: =SUMIFS(PREMC2CA30,AREA,$A11,YEAR,AD$2,Metal,AD$3) -> 0 | AE11: =Z11/U11 -> 874.04 | AF11: =AA11/V11 -> 1266.6629 | AG11: =AB11/W11 -> 1385.1523 | AH11: =AC11/X11 -> 2037.08 | AI11: =AD11/Y11 -> #DIV/0! | AK11: =AE11/P11-1 -> 0.70770974 | AL11: =AF11/Q11-1 -> 0.8654907 | AM11: =AG11/R11-1 -> 0.69672312 | AN11: =AH11/S11-1 -> 1.0740004 | AO11: =AI11/T11-1 -> #DIV/0! | AP11: =AJ11/U11-1 -> -1
A12: GA09 | B12: =CONCATENATE(C12,E12) -> GA9 | C12: GA | D12: Rating Area 9 | E12: 9 | F12: =COUNTIFS(Metal,F$3,YEAR,F$2,AREA,$A12) -> 1 | G12: =COUNTIFS(Metal,G$3,YEAR,G$2,AREA,$A12) -> 8 | H12: =COUNTIFS(Metal,H$3,YEAR,H$2,AREA,$A12) -> 28 | I12: =COUNTIFS(Metal,I$3,YEAR,I$2,AREA,$A12) -> 5 | J12: =COUNTIFS(Metal,J$3,YEAR,J$2,AREA,$A12) -> 0 | K12: =SUMIFS(PREMC2CA30,AREA,$A12,YEAR,K$2,Metal,K$3) -> 623.32 | L12: =SUMIFS(PREMC2CA30,AREA,$A12,YEAR,L$2,Metal,L$3) -> 6373.8 | M12: =SUMIFS(PREMC2CA30,AREA,$A12,YEAR,M$2,Metal,M$3) -> 26861.04 | N12: =SUMIFS(PREMC2CA30,AREA,$A12,YEAR,N$2,Metal,N$3) -> 5777.66 | O12: =SUMIFS(PREMC2CA30,AREA,$A12,YEAR,O$2,Metal,O$3) -> 0 | P12: =K12/F12 -> 623.32 | Q12: =L12/G12 -> 796.725 | R12: =M12/H12 -> 959.32286 | S12: =N12/I12 -> 1155.532 | T12: =O12/J12 -> #DIV/0! | U12: =COUNTIFS(Metal,U$3,YEAR,U$2,AREA,$A12) -> 1 | V12: =COUNTIFS(Metal,V$3,YEAR,V$2,AREA,$A12) -> 13 | W12: =COUNTIFS(Metal,W$3,YEAR,W$2,AREA,$A12) -> 95 | X12: =COUNTIFS(Metal,X$3,YEAR,X$2,AREA,$A12) -> 8 | Y12: =COUNTIFS(Metal,Y$3,YEAR,Y$2,AREA,$A12) -> 6 | Z12: =SUMIFS(PREMC2CA30,AREA,$A12,YEAR,Z$2,Metal,Z$3) -> 863.12 | AA12: =SUMIFS(PREMC2CA30,AREA,$A12,YEAR,AA$2,Metal,AA$3) -> 16004.9 | AB12: =SUMIFS(PREMC2CA30,AREA,$A12,YEAR,AB$2,Metal,AB$3) -> 146047.44 | AC12: =SUMIFS(PREMC2CA30,AREA,$A12,YEAR,AC$2,Metal,AC$3) -> 13006.46 | AD12: =SUMIFS(PREMC2CA30,AREA,$A12,YEAR,AD$2,Metal,AD$3) -> 10140.58 | AE12: =Z12/U12 -> 863.12 | AF12: =AA12/V12 -> 1231.1462 | AG12: =AB12/W12 -> 1537.3415 | AH12: =AC12/X12 -> 1625.8075 | AI12: =AD12/Y12 -> 1690.0967 | AK12: =AE12/P12-1 -> 0.38471411 | AL12: =AF12/Q12-1 -> 0.54525859 | AM12: =AG12/R12-1 -> 0.60252772 | AN12: =AH12/S12-1 -> 0.40697748 | AO12: =AI12/T12-1 -> #DIV/0! | AP12: =AJ12/U12-1 -> -1
A13: GA10 | B13: =CONCATENATE(C13,E13) -> GA10 | C13: GA | D13: Rating Area 10 | E13: 10 | F13: =COUNTIFS(Metal,F$3,YEAR,F$2,AREA,$A13) -> 4 | G13: =COUNTIFS(Metal,G$3,YEAR,G$2,AREA,$A13) -> 14 | H13: =COUNTIFS(Metal,H$3,YEAR,H$2,AREA,$A13) -> 48 | I13: =COUNTIFS(Metal,I$3,YEAR,I$2,AREA,$A13) -> 9 | J13: =COUNTIFS(Metal,J$3,YEAR,J$2,AREA,$A13) -> 2 | K13: =SUMIFS(PREMC2CA30,AREA,$A13,YEAR,K$2,Metal,K$3) -> 1955.74 | L13: =SUMIFS(PREMC2CA30,AREA,$A13,YEAR,L$2,Metal,L$3) -> 9473.42 | M13: =SUMIFS(PREMC2CA30,AREA,$A13,YEAR,M$2,Metal,M$3) -> 40176.32 | N13: =SUMIFS(PREMC2CA30,AREA,$A13,YEAR,N$2,Metal,N$3) -> 8835.76 | O13: =SUMIFS(PREMC2CA30,AREA,$A13,YEAR,O$2,Metal,O$3) -> 1692.96 | P13: =K13/F13 -> 488.935 | Q13: =L13/G13 -> 676.67286 | R13: =M13/H13 -> 837.00667 | S13: =N13/I13 -> 981.75111 | T13: =O13/J13 -> 846.48 | U13: =COUNTIFS(Metal,U$3,YEAR,U$2,AREA,$A13) -> 1 | V13: =COUNTIFS(Metal,V$3,YEAR,V$2,AREA,$A13) -> 29 | W13: =COUNTIFS(Metal,W$3,YEAR,W$2,AREA,$A13) -> 132 | X13: =COUNTIFS(Metal,X$3,YEAR,X$2,AREA,$A13) -> 25 | Y13: =COUNTIFS(Metal,Y$3,YEAR,Y$2,AREA,$A13) -> 24 | Z13: =SUMIFS(PREMC2CA30,AREA,$A13,YEAR,Z$2,Metal,Z$3) -> 925.96 | AA13: =SUMIFS(PREMC2CA30,AREA,$A13,YEAR,AA$2,Metal,AA$3) -> 42099.78 | AB13: =SUMIFS(PREMC2CA30,AREA,$A13,YEAR,AB$2,Metal,AB$3) -> 256192.32 | AC13: =SUMIFS(PREMC2CA30,AREA,$A13,YEAR,AC$2,Metal,AC$3) -> 46495.44 | AD13: =SUMIFS(PREMC2CA30,AREA,$A13,YEAR,AD$2,Metal,AD$3) -> 49443.6 | AE13: =Z13/U13 -> 925.96 | AF13: =AA13/V13 -> 1451.7166 | AG13: =AB13/W13 -> 1940.8509 | AH13: =AC13/X13 -> 1859.8176 | AI13: =AD13/Y13 -> 2060.15 | AK13: =AE13/P13-1 -> 0.89383047 | AL13: =AF13/Q13-1 -> 1.1453743 | AM13: =AG13/R13-1 -> 1.3187998 | AN13: =AH13/S13-1 -> 0.89438808 | AO13: =AI13/T13-1 -> 1.4337846 | AP13: =AJ13/U13-1 -> -1
A14: GA11 | B14: =CONCATENATE(C14,E14) -> GA11 | C14: GA | D14: Rating Area 11 | E14: 11 | F14: =COUNTIFS(Metal,F$3,YEAR,F$2,AREA,$A14) -> 2 | G14: =COUNTIFS(Metal,G$3,YEAR,G$2,AREA,$A14) -> 7 | H14: =COUNTIFS(Metal,H$3,YEAR,H$2,AREA,$A14) -> 24 | I14: =COUNTIFS(Metal,I$3,YEAR,I$2,AREA,$A14) -> 4 | J14: =COUNTIFS(Metal,J$3,YEAR,J$2,AREA,$A14) -> 1 | K14: =SUMIFS(PREMC2CA30,AREA,$A14,YEAR,K$2,Metal,K$3) -> 1169.38 | L14: =SUMIFS(PREMC2CA30,AREA,$A14,YEAR,L$2,Metal,L$3) -> 6038.6 | M14: =SUMIFS(PREMC2CA30,AREA,$A14,YEAR,M$2,Metal,M$3) -> 24871.52 | N14: =SUMIFS(PREMC2CA30,AREA,$A14,YEAR,N$2,Metal,N$3) -> 4972.12 | O14: =SUMIFS(PREMC2CA30,AREA,$A14,YEAR,O$2,Metal,O$3) -> 854.64 | P14: =K14/F14 -> 584.69 | Q14: =L14/G14 -> 862.65714 | R14: =M14/H14 -> 1036.3133 | S14: =N14/I14 -> 1243.03 | T14: =O14/J14 -> 854.64 | U14: =COUNTIFS(Metal,U$3,YEAR,U$2,AREA,$A14) -> 1 | V14: =COUNTIFS(Metal,V$3,YEAR,V$2,AREA,$A14) -> 7 | W14: =COUNTIFS(Metal,W$3,YEAR,W$2,AREA,$A14) -> 52 | X14: =COUNTIFS(Metal,X$3,YEAR,X$2,AREA,$A14) -> 2 | Y14: =COUNTIFS(Metal,Y$3,YEAR,Y$2,AREA,$A14) -> 0 | Z14: =SUMIFS(PREMC2CA30,AREA,$A14,YEAR,Z$2,Metal,Z$3) -> 970.18 | AA14: =SUMIFS(PREMC2CA30,AREA,$A14,YEAR,AA$2,Metal,AA$3) -> 9257.62 | AB14: =SUMIFS(PREMC2CA30,AREA,$A14,YEAR,AB$2,Metal,AB$3) -> 64429.76 | AC14: =SUMIFS(PREMC2CA30,AREA,$A14,YEAR,AC$2,Metal,AC$3) -> 4163.24 | AD14: =SUMIFS(PREMC2CA30,AREA,$A14,YEAR,AD$2,Metal,AD$3) -> 0 | AE14: =Z14/U14 -> 970.18 | AF14: =AA14/V14 -> 1322.5171 | AG14: =AB14/W14 -> 1239.0338 | AH14: =AC14/X14 -> 2081.62 | AI14: =AD14/Y14 -> #DIV/0! | AK14: =AE14/P14-1 -> 0.65930664 | AL14: =AF14/Q14-1 -> 0.53307389 | AM14: =AG14/R14-1 -> 0.19561701 | AN14: =AH14/S14-1 -> 0.67463376 | AO14: =AI14/T14-1 -> #DIV/0! | AP14: =AJ14/U14-1 -> -1
A15: GA12 | B15: =CONCATENATE(C15,E15) -> GA12 | C15: GA | D15: Rating Area 12 | E15: 12 | F15: =COUNTIFS(Metal,F$3,YEAR,F$2,AREA,$A15) -> 2 | G15: =COUNTIFS(Metal,G$3,YEAR,G$2,AREA,$A15) -> 7 | H15: =COUNTIFS(Metal,H$3,YEAR,H$2,AREA,$A15) -> 24 | I15: =COUNTIFS(Metal,I$3,YEAR,I$2,AREA,$A15) -> 4 | J15: =COUNTIFS(Metal,J$3,YEAR,J$2,AREA,$A15) -> 1 | K15: =SUMIFS(PREMC2CA30,AREA,$A15,YEAR,K$2,Metal,K$3) -> 1160.64 | L15: =SUMIFS(PREMC2CA30,AREA,$A15,YEAR,L$2,Metal,L$3) -> 5240.82 | M15: =SUMIFS(PREMC2CA30,AREA,$A15,YEAR,M$2,Metal,M$3) -> 21730 | N15: =SUMIFS(PREMC2CA30,AREA,$A15,YEAR,N$2,Metal,N$3) -> 4441.98 | O15: =SUMIFS(PREMC2CA30,AREA,$A15,YEAR,O$2,Metal,O$3) -> 1072.16 | P15: =K15/F15 -> 580.32 | Q15: =L15/G15 -> 748.68857 | R15: =M15/H15 -> 905.41667 | S15: =N15/I15 -> 1110.495 | T15: =O15/J15 -> 1072.16 | U15: =COUNTIFS(Metal,U$3,YEAR,U$2,AREA,$A15) -> 1 | V15: =COUNTIFS(Metal,V$3,YEAR,V$2,AREA,$A15) -> 7 | W15: =COUNTIFS(Metal,W$3,YEAR,W$2,AREA,$A15) -> 52 | X15: =COUNTIFS(Metal,X$3,YEAR,X$2,AREA,$A15) -> 2 | Y15: =COUNTIFS(Metal,Y$3,YEAR,Y$2,AREA,$A15) -> 0 | Z15: =SUMIFS(PREMC2CA30,AREA,$A15,YEAR,Z$2,Metal,Z$3) -> 852.54 | AA15: =SUMIFS(PREMC2CA30,AREA,$A15,YEAR,AA$2,Metal,AA$3) -> 8724.12 | AB15: =SUMIFS(PREMC2CA30,AREA,$A15,YEAR,AB$2,Metal,AB$3) -> 72267.36 | AC15: =SUMIFS(PREMC2CA30,AREA,$A15,YEAR,AC$2,Metal,AC$3) -> 4020.42 | AD15: =SUMIFS(PREMC2CA30,AREA,$A15,YEAR,AD$2,Metal,AD$3) -> 0 | AE15: =Z15/U15 -> 852.54 | AF15: =AA15/V15 -> 1246.3029 | AG15: =AB15/W15 -> 1389.7569 | AH15: =AC15/X15 -> 2010.21 | AI15: =AD15/Y15 -> #DIV/0! | AK15: =AE15/P15-1 -> 0.46908602 | AL15: =AF15/Q15-1 -> 0.6646479 | AM15: =AG15/R15-1 -> 0.53493632 | AN15: =AH15/S15-1 -> 0.81019275 | AO15: =AI15/T15-1 -> #DIV/0! | AP15: =AJ15/U15-1 -> -1
... A19: GA16 | B19: =CONCATENATE(C19,E19) -> GA16 | C19: GA | D19: Rating Area 16 | E19: 16 | F19: =COUNTIFS(Metal,F$3,YEAR,F$2,AREA,$A19) -> 2 | G19: =COUNTIFS(Metal,G$3,YEAR,G$2,AREA,$A19) -> 7 | H19: =COUNTIFS(Metal,H$3,YEAR,H$2,AREA,$A19) -> 24 | I19: =COUNTIFS(Metal,I$3,YEAR,I$2,AREA,$A19) -> 4 | J19: =COUNTIFS(Metal,J$3,YEAR,J$2,AREA,$A19) -> 1 | K19: =SUMIFS(PREMC2CA30,AREA,$A19,YEAR,K$2,Metal,K$3) -> 1073.08 | L19: =SUMIFS(PREMC2CA30,AREA,$A19,YEAR,L$2,Metal,L$3) -> 5165.48 | M19: =SUMIFS(PREMC2CA30,AREA,$A19,YEAR,M$2,Metal,M$3) -> 21347.76 | N19: =SUMIFS(PREMC2CA30,AREA,$A19,YEAR,N$2,Metal,N$3) -> 4316.44 | O19: =SUMIFS(PREMC2CA30,AREA,$A19,YEAR,O$2,Metal,O$3) -> 896.04 | P19: =K19/F19 -> 536.54 | Q19: =L19/G19 -> 737.92571 | R19: =M19/H19 -> 889.49 | S19: =N19/I19 -> 1079.11 | T19: =O19/J19 -> 896.04 | U19: =COUNTIFS(Metal,U$3,YEAR,U$2,AREA,$A19) -> 1 | V19: =COUNTIFS(Metal,V$3,YEAR,V$2,AREA,$A19) -> 5 | W19: =COUNTIFS(Metal,W$3,YEAR,W$2,AREA,$A19) -> 8 | X19: =COUNTIFS(Metal,X$3,YEAR,X$2,AREA,$A19) -> 1 | Y19: =COUNTIFS(Metal,Y$3,YEAR,Y$2,AREA,$A19) -> 0 | Z19: =SUMIFS(PREMC2CA30,AREA,$A19,YEAR,Z$2,Metal,Z$3) -> 813.12 | AA19: =SUMIFS(PREMC2CA30,AREA,$A19,YEAR,AA$2,Metal,AA$3) -> 6275.8 | AB19: =SUMIFS(PREMC2CA30,AREA,$A19,YEAR,AB$2,Metal,AB$3) -> 14605.68 | AC19: =SUMIFS(PREMC2CA30,AREA,$A19,YEAR,AC$2,Metal,AC$3) -> 2578.04 | AD19: =SUMIFS(PREMC2CA30,AREA,$A19,YEAR,AD$2,Metal,AD$3) -> 0 | AE19: =Z19/U19 -> 813.12 | AF19: =AA19/V19 -> 1255.16 | AG19: =AB19/W19 -> 1825.71 | AH19: =AC19/X19 -> 2578.04 | AI19: =AD19/Y19 -> #DIV/0! | AK19: =AE19/P19-1 -> 0.51548813 | AL19: =AF19/Q19-1 -> 0.70093002 | AM19: =AG19/R19-1 -> 1.0525357 | AN19: =AH19/S19-1 -> 1.3890428 | AO19: =AI19/T19-1 -> #DIV/0! | AP19: =AJ19/U19-1 -> -1
D20: Total | F20: =COUNTIFS(Metal,F3,YEAR,F2) -> 38 | G20: =COUNTIFS(Metal,G3,YEAR,G2) -> 175 | H20: =COUNTIFS(Metal,H3,YEAR,H2) -> 656 | I20: =COUNTIFS(Metal,I3,YEAR,I2) -> 108 | J20: =COUNTIFS(Metal,J3,YEAR,J2) -> 16 | K20: =SUMIFS(PREMC2CA30,YEAR,K$2,Metal,K$3) -> 21280.98 | L20: =SUMIFS(PREMC2CA30,YEAR,L$2,Metal,L$3) -> 134335.36 | M20: =SUMIFS(PREMC2CA30,YEAR,M$2,Metal,M$3) -> 604138.88 | N20: =SUMIFS(PREMC2CA30,YEAR,N$2,Metal,N$3) -> 119657.5 | O20: =SUMIFS(PREMC2CA30,YEAR,O$2,Metal,O$3) -> 14361.76 | P20: =K20/F20 -> 560.02579 | Q20: =L20/G20 -> 767.63063 | R20: =M20/H20 -> 920.94341 | S20: =N20/I20 -> 1107.9398 | T20: =O20/J20 -> 897.61 | U20: =COUNTIFS(Metal,U3,YEAR,U2) -> 19 | V20: =COUNTIFS(Metal,V3,YEAR,V2) -> 149 | W20: =COUNTIFS(Metal,W3,YEAR,W2) -> 951 | X20: =COUNTIFS(Metal,X3,YEAR,X2) -> 77 | Y20: =COUNTIFS(Metal,Y3,YEAR,Y2) -> 42 | Z20: =SUMIFS(PREMC2CA30,YEAR,Z$2,Metal,Z$3) -> 17634.66 | AA20: =SUMIFS(PREMC2CA30,YEAR,AA$2,Metal,AA$3) -> 195370.36 | AB20: =SUMIFS(PREMC2CA30,YEAR,AB$2,Metal,AB$3) -> 1463511.6 | AC20: =SUMIFS(PREMC2CA30,YEAR,AC$2,Metal,AC$3) -> 145210.06 | AD20: =SUMIFS(PREMC2CA30,YEAR,AD$2,Metal,AD$3) -> 83473.58 | AE20: =Z20/U20 -> 928.14 | AF20: =AA20/V20 -> 1311.2105 | AG20: =AB20/W20 -> 1538.9186 | AH20: =AC20/X20 -> 1885.8449 | AI20: =AD20/Y20 -> 1987.4662 | AK20: =AE20/P20-1 -> 0.65731653 | AL20: =AF20/Q20-1 -> 0.70812683 | AM20: =AG20/R20-1 -> 0.67102402 | AN20: =AH20/S20-1 -> 0.70211857 | AO20: =AI20/T20-1 -> 1.2141756 | AP20: =AJ20/U20-1 -> -1
D21: Check Math | F21: =SUM(F4:F19) -> 38 | G21: =SUM(G4:G19) -> 175 | H21: =SUM(H4:H19) -> 656 | I21: =SUM(I4:I19) -> 108 | J21: =SUM(J4:J19) -> 16 | K21: =SUM(K4:K19) -> 21280.98 | L21: =SUM(L4:L19) -> 134335.36 | M21: =SUM(M4:M19) -> 604138.88 | ... O21: =SUM(O4:O19) -> 14361.76 | P21: =K21/F21 -> 560.02579 | Q21: =L21/G21 -> 767.63063 | R21: =M21/H21 -> 920.94341 | S21: =N21/I21 -> 1107.9398 | T21: =O21/J21 -> 897.61 | U21: =SUM(U4:U19) -> 19 | V21: =SUM(V4:V19) -> 149 | W21: =SUM(W4:W19) -> 951 | X21: =SUM(X4:X19) -> 77 | Y21: =SUM(Y4:Y19) -> 42 | Z21: =SUM(Z4:Z19) -> 17634.66 | AA21: =SUM(AA4:AA19) -> 195370.36 | AB21: =SUM(AB4:AB19) -> 1463511.6 | ... AD21: =SUM(AD4:AD19) -> 83473.58 | AE21: =Z21/U21 -> 928.14 | AF21: =AA21/V21 -> 1311.2105 | AG21: =AB21/W21 -> 1538.9186 | AH21: =AC21/X21 -> 1885.8449 | AI21: =AD21/Y21 -> 1987.4662 | AK21: =AE21/P21-1 -> 0.65731653 | AL21: =AF21/Q21-1 -> 0.70812683 | AM21: =AG21/R21-1 -> 0.67102402 | AN21: =AH21/S21-1 -> 0.70211857 | AO21: =AI21/T21-1 -> 1.2141756 | AP21: =AJ21/U21-1 -> -1
D24: Ambetter
D25: Anthem
D26: Kaiser Permanente
D27: Alliant Health Plans
D28: Humana

Sheet InsurersAnalysis
AH2: 2014 | AI2: 2014 | AJ2: 2014 | AK2: 2014 | AL2: 2014 | AM2: count | AN2: 2019 | AO2: 2019 | AP2: 2019 | AQ2: 2019 | AR2: 2019 | AT2: 2014 | AU2: 2014 | AV2: 2014 | AW2: 2014 | AX2: 2014 | AY2: count | AZ2: 2019 | BA2: 2019 | BB2: 2019 | BC2: 2019 | BD2: 2019 | BF2: 2014 | BG2: 2014 | BH2: 2014 | BI2: 2014 | BJ2: 2014 | BK2: count | BL2: 2019 | BM2: 2019 | BN2: 2019 | BO2: 2019 | BP2: 2019 | BR2: 2014 | BS2: 2014 | BT2: 2014 | BU2: 2014 | BV2: 2014 | BW2: count | BX2: 2019 | BY2: 2019 | BZ2: 2019 | CA2: 2019 | CB2: 2019 | CD2: 2014 | CE2: 2014 | CF2: 2014 | CG2: 2014 | CH2: 2014 | CI2: count | CJ2: 2019 | CK2: 2019 | CL2: 2019 | CM2: 2019 | CN2: 2019
I3: 2014 | O3: 2019 | V3: 2014 | W3: 2014 | X3: 2014 | Y3: 2014 | Z3: 2014 | AA3: count | AB3: 2019 | AC3: 2019 | AD3: 2019 | AE3: 2019 | AF3: 2019 | AH3: Catastrophic | AI3: Catastrophic | AJ3: Catastrophic | AK3: Catastrophic | AL3: Catastrophic | AM3: Catastrophic | AN3: Catastrophic | AO3: Catastrophic | AP3: Catastrophic | AQ3: Catastrophic | AR3: Catastrophic | AT3: Bronze | AU3: Bronze | AV3: Bronze | AW3: Bronze | AX3: Bronze | AY3: Bronze | AZ3: Bronze | BA3: Bronze | BB3: Bronze | BC3: Bronze | BD3: Bronze | BF3: Silver | BG3: Silver | BH3: Silver | BI3: Silver | BJ3: Silver | BK3: Silver | BL3: Silver | BM3: Silver | BN3: Silver | BO3: Silver | BP3: Silver | BR3: Gold | BS3: Gold | BT3: Gold | BU3: Gold | BV3: Gold | BW3: Gold | BX3: Gold | BY3: Gold | BZ3: Gold | CA3: Gold | CB3: Gold | CD3: Platinum | CE3: Platinum | CF3: Platinum | CG3: Platinum | CH3: Platinum | CI3: Platinum | CJ3: Platinum | CK3: Platinum | CL3: Platinum | CM3: Platinum | CN3: Platinum
B4: AREA | C4: Code | D4: State | F4: Rating Area # | G4: # counties | I4: Catastrophic | J4: Bronze | K4: Silver | L4: Gold | M4: Platinum | N4: Any | O4: Catastrophic | P4: Bronze | Q4: Silver | R4: Gold | S4: Platinum | T4: Any | V4: Ambetter | W4: Anthem | X4: Kaiser Permanente | Y4: Alliant Health Plans | Z4: Humana | AA4: overall | AB4: Ambetter | AC4: Anthem | AD4: Kaiser Permanente | AE4: Alliant Health Plans | AF4: Humana | AH4: Ambetter | AI4: Anthem | AJ4: Kaiser Permanente | AK4: Alliant Health Plans | AL4: Humana | AM4: overall | AN4: Ambetter | AO4: Anthem | AP4: Kaiser Permanente | AQ4: Alliant Health Plans | AR4: Humana | AT4: Ambetter | AU4: Anthem | AV4: Kaiser Permanente | AW4: Alliant Health Plans | AX4: Humana | AY4: overall | AZ4: Ambetter | BA4: Anthem | BB4: Kaiser Permanente | BC4: Alliant Health Plans | BD4: Humana | BF4: Ambetter | BG4: Anthem | BH4: Kaiser Permanente | BI4: Alliant Health Plans | BJ4: Humana | BK4: overall | BL4: Ambetter | BM4: Anthem | BN4: Kaiser Permanente | BO4: Alliant Health Plans | BP4: Humana | BR4: Ambetter | BS4: Anthem | BT4: Kaiser Permanente | BU4: Alliant Health Plans | BV4: Humana | BW4: overall | BX4: Ambetter | BY4: Anthem | BZ4: Kaiser Permanente | CA4: Alliant Health Plans | CB4: Humana | CD4: Ambetter | CE4: Anthem | CF4: Kaiser Permanente | CG4: Alliant Health Plans | CH4: Humana | CI4: overall | CJ4: Ambetter | CK4: Anthem | CL4: Kaiser Permanente | CM4: Alliant Health Plans | CN4: Humana
B5: GA01 | C5: =CONCATENATE(D5,F5) -> GA1 | D5: GA | E5: Rating Area 1 | F5: 1 | G5: =ByCounty!I5 -> 12 | I5: =AM5 -> 1 | J5: =AY5 -> 1 | K5: =BK5 -> 1 | L5: =BW5 -> 1 | M5: =CI5 -> 0 | N5: =AA5 -> 1 | O5: =AS5 -> 0 | P5: =BE5 -> 1 | Q5: =BQ5 -> 1 | R5: =CC5 -> 1 | S5: =CO5 -> 0 | T5: =AG5 -> 1 | V5: =COUNTIFS(Carrier,V$4,AREA,$B5,YEAR,V$3) -> 0 | W5: =COUNTIFS(Carrier,W$4,AREA,$B5,YEAR,W$3) -> 30 | X5: =COUNTIFS(Carrier,X$4,AREA,$B5,YEAR,X$3) -> 0 | Y5: =COUNTIFS(Carrier,Y$4,AREA,$B5,YEAR,Y$3) -> 0 | Z5: =COUNTIFS(Carrier,Z$4,AREA,$B5,YEAR,Z$3) -> 0 | AA5: =COUNTIF(V5:Z5,">0") -> 1 | AB5: =COUNTIFS(Carrier,AB$4,AREA,$B5,YEAR,AB$3) -> 47 | AC5: =COUNTIFS(Carrier,AC$4,AREA,$B5,YEAR,AC$3) -> 0 | AD5: =COUNTIFS(Carrier,AD$4,AREA,$B5,YEAR,AD$3) -> 0 | AE5: =COUNTIFS(Carrier,AE$4,AREA,$B5,YEAR,AE$3) -> 0 | AF5: =COUNTIFS(Carrier,AF$4,AREA,$B5,YEAR,AF$3) -> 0 | AG5: =COUNTIF(AB5:AF5,">0") -> 1 | AH5: =COUNTIFS(Carrier,AH$4,AREA,$B5,YEAR,AH$2,Metal,AH$3) -> 0 | AI5: =COUNTIFS(Carrier,AI$4,AREA,$B5,YEAR,AI$2,Metal,AI$3) -> 1 | AJ5: =COUNTIFS(Carrier,AJ$4,AREA,$B5,YEAR,AJ$2,Metal,AJ$3) -> 0 | AK5: =COUNTIFS(Carrier,AK$4,AREA,$B5,YEAR,AK$2,Metal,AK$3) -> 0 | AL5: =COUNTIFS(Carrier,AL$4,AREA,$B5,YEAR,AL$2,Metal,AL$3) -> 0 | AM5: =COUNTIF(AH5:AL5,">0") -> 1 | AN5: =COUNTIFS(Carrier,AN$4,AREA,$B5,YEAR,AN$2,Metal,AN$3) -> 0 | AO5: =COUNTIFS(Carrier,AO$4,AREA,$B5,YEAR,AO$2,Metal,AO$3) -> 0 | AP5: =COUNTIFS(Carrier,AP$4,AREA,$B5,YEAR,AP$2,Metal,AP$3) -> 0 | AQ5: =COUNTIFS(Carrier,AQ$4,AREA,$B5,YEAR,AQ$2,Metal,AQ$3) -> 0 | AR5: =COUNTIFS(Carrier,AR$4,AREA,$B5,YEAR,AR$2,Metal,AR$3) -> 0 | AS5: =COUNTIF(AN5:AR5,">0") -> 0 | AT5: =COUNTIFS(Carrier,AT$4,AREA,$B5,YEAR,AT$2,Metal,AT$3) -> 0 | AU5: =COUNTIFS(Carrier,AU$4,AREA,$B5,YEAR,AU$2,Metal,AU$3) -> 6 | AV5: =COUNTIFS(Carrier,AV$4,AREA,$B5,YEAR,AV$2,Metal,AV$3) -> 0 | AW5: =COUNTIFS(Carrier,AW$4,AREA,$B5,YEAR,AW$2,Metal,AW$3) -> 0 | AX5: =COUNTIFS(Carrier,AX$4,AREA,$B5,YEAR,AX$2,Metal,AX$3) -> 0 | AY5: =COUNTIF(AT5:AX5,">0") -> 1 | AZ5: =COUNTIFS(Carrier,AZ$4,AREA,$B5,YEAR,AZ$2,Metal,AZ$3) -> 2 | BA5: =COUNTIFS(Carrier,BA$4,AREA,$B5,YEAR,BA$2,Metal,BA$3) -> 0 | BB5: =COUNTIFS(Carrier,BB$4,AREA,$B5,YEAR,BB$2,Metal,BB$3) -> 0 | BC5: =COUNTIFS(Carrier,BC$4,AREA,$B5,YEAR,BC$2,Metal,BC$3) -> 0 | BD5: =COUNTIFS(Carrier,BD$4,AREA,$B5,YEAR,BD$2,Metal,BD$3) -> 0 | BE5: =COUNTIF(AZ5:BD5,">0") -> 1 | BF5: =COUNTIFS(Carrier,BF$4,AREA,$B5,YEAR,BF$2,Metal,BF$3) -> 0 | BG5: =COUNTIFS(Carrier,BG$4,AREA,$B5,YEAR,BG$2,Metal,BG$3) -> 20 | BH5: =COUNTIFS(Carrier,BH$4,AREA,$B5,YEAR,BH$2,Metal,BH$3) -> 0 | BI5: =COUNTIFS(Carrier,BI$4,AREA,$B5,YEAR,BI$2,Metal,BI$3) -> 0 | BJ5: =COUNTIFS(Carrier,BJ$4,AREA,$B5,YEAR,BJ$2,Metal,BJ$3) -> 0 | BK5: =COUNTIF(BF5:BJ5,">0") -> 1 | BL5: =COUNTIFS(Carrier,BL$4,AREA,$B5,YEAR,BL$2,Metal,BL$3) -> 44 | BM5: =COUNTIFS(Carrier,BM$4,AREA,$B5,YEAR,BM$2,Metal,BM$3) -> 0 | BN5: =COUNTIFS(Carrier,BN$4,AREA,$B5,YEAR,BN$2,Metal,BN$3) -> 0 | BO5: =COUNTIFS(Carrier,BO$4,AREA,$B5,YEAR,BO$2,Metal,BO$3) -> 0 | BP5: =COUNTIFS(Carrier,BP$4,AREA,$B5,YEAR,BP$2,Metal,BP$3) -> 0 | BQ5: =COUNTIF(BL5:BP5,">0") -> 1 | BR5: =COUNTIFS(Carrier,BR$4,AREA,$B5,YEAR,BR$2,Metal,BR$3) -> 0 | BS5: =COUNTIFS(Carrier,BS$4,AREA,$B5,YEAR,BS$2,Metal,BS$3) -> 3 | BT5: =COUNTIFS(Carrier,BT$4,AREA,$B5,YEAR,BT$2,Metal,BT$3) -> 0 | BU5: =COUNTIFS(Carrier,BU$4,AREA,$B5,YEAR,BU$2,Metal,BU$3) -> 0 | BV5: =COUNTIFS(Carrier,BV$4,AREA,$B5,YEAR,BV$2,Metal,BV$3) -> 0 | BW5: =COUNTIF(BR5:BV5,">0") -> 1 | BX5: =COUNTIFS(Carrier,BX$4,AREA,$B5,YEAR,BX$2,Metal,BX$3) -> 1 | BY5: =COUNTIFS(Carrier,BY$4,AREA,$B5,YEAR,BY$2,Metal,BY$3) -> 0 | BZ5: =COUNTIFS(Carrier,BZ$4,AREA,$B5,YEAR,BZ$2,Metal,BZ$3) -> 0 | CA5: =COUNTIFS(Carrier,CA$4,AREA,$B5,YEAR,CA$2,Metal,CA$3) -> 0 | CB5: =COUNTIFS(Carrier,CB$4,AREA,$B5,YEAR,CB$2,Metal,CB$3) -> 0 | CC5: =COUNTIF(BX5:CB5,">0") -> 1 | CD5: =COUNTIFS(Carrier,CD$4,AREA,$B5,YEAR,CD$2,Metal,CD$3) -> 0 | CE5: =COUNTIFS(Carrier,CE$4,AREA,$B5,YEAR,CE$2,Metal,CE$3) -> 0 | CF5: =COUNTIFS(Carrier,CF$4,AREA,$B5,YEAR,CF$2,Metal,CF$3) -> 0 | CG5: =COUNTIFS(Carrier,CG$4,AREA,$B5,YEAR,CG$2,Metal,CG$3) -> 0 | CH5: =COUNTIFS(Carrier,CH$4,AREA,$B5,YEAR,CH$2,Metal,CH$3) -> 0 | CI5: =COUNTIF(CD5:CH5,">0") -> 0 | CJ5: =COUNTIFS(Carrier,CJ$4,AREA,$B5,YEAR,CJ$2,Metal,CJ$3) -> 0 | CK5: =COUNTIFS(Carrier,CK$4,AREA,$B5,YEAR,CK$2,Metal,CK$3) -> 0 | CL5: =COUNTIFS(Carrier,CL$4,AREA,$B5,YEAR,CL$2,Metal,CL$3) -> 0 | CM5: =COUNTIFS(Carrier,CM$4,AREA,$B5,YEAR,CM$2,Metal,CM$3) -> 0 | CN5: =COUNTIFS(Carrier,CN$4,AREA,$B5,YEAR,CN$2,Metal,CN$3) -> 0 | CO5: =COUNTIF(CJ5:CN5,">0") -> 0
B6: GA02 | C6: =CONCATENATE(D6,F6) -> GA2 | D6: GA | E6: Rating Area 2 | F6: 2 | G6: =ByCounty!I6 -> 9 | I6: =AM6 -> 3 | J6: =AY6 -> 5 | K6: =BK6 -> 5 | L6: =BW6 -> 5 | M6: =CI6 -> 1 | N6: =AA6 -> 5 | O6: =AS6 -> 1 | P6: =BE6 -> 3 | Q6: =BQ6 -> 3 | R6: =CC6 -> 3 | S6: =CO6 -> 1 | T6: =AG6 -> 3 | V6: =COUNTIFS(Carrier,V$4,AREA,$B6,YEAR,V$3) -> 63 | W6: =COUNTIFS(Carrier,W$4,AREA,$B6,YEAR,W$3) -> 30 | X6: =COUNTIFS(Carrier,X$4,AREA,$B6,YEAR,X$3) -> 18 | Y6: =COUNTIFS(Carrier,Y$4,AREA,$B6,YEAR,Y$3) -> 12 | Z6: =COUNTIFS(Carrier,Z$4,AREA,$B6,YEAR,Z$3) -> 8 | AA6: =COUNTIF(V6:Z6,">0") -> 5 | AB6: =COUNTIFS(Carrier,AB$4,AREA,$B6,YEAR,AB$3) -> 47 | AC6: =COUNTIFS(Carrier,AC$4,AREA,$B6,YEAR,AC$3) -> 15 | AD6: =COUNTIFS(Carrier,AD$4,AREA,$B6,YEAR,AD$3) -> 0 | AE6: =COUNTIFS(Carrier,AE$4,AREA,$B6,YEAR,AE$3) -> 15 | AF6: =COUNTIFS(Carrier,AF$4,AREA,$B6,YEAR,AF$3) -> 0 | AG6: =COUNTIF(AB6:AF6,">0") -> 3 | AH6: =COUNTIFS(Carrier,AH$4,AREA,$B6,YEAR,AH$2,Metal,AH$3) -> 0 | AI6: =COUNTIFS(Carrier,AI$4,AREA,$B6,YEAR,AI$2,Metal,AI$3) -> 1 | AJ6: =COUNTIFS(Carrier,AJ$4,AREA,$B6,YEAR,AJ$2,Metal,AJ$3) -> 1 | AK6: =COUNTIFS(Carrier,AK$4,AREA,$B6,YEAR,AK$2,Metal,AK$3) -> 0 | AL6: =COUNTIFS(Carrier,AL$4,AREA,$B6,YEAR,AL$2,Metal,AL$3) -> 1 | AM6: =COUNTIF(AH6:AL6,">0") -> 3 | AN6: =COUNTIFS(Carrier,AN$4,AREA,$B6,YEAR,AN$2,Metal,AN$3) -> 0 | AO6: =COUNTIFS(Carrier,AO$4,AREA,$B6,YEAR,AO$2,Metal,AO$3) -> 1 | AP6: =COUNTIFS(Carrier,AP$4,AREA,$B6,YEAR,AP$2,Metal,AP$3) -> 0 | AQ6: =COUNTIFS(Carrier,AQ$4,AREA,$B6,YEAR,AQ$2,Metal,AQ$3) -> 0 | AR6: =COUNTIFS(Carrier,AR$4,AREA,$B6,YEAR,AR$2,Metal,AR$3) -> 0 | AS6: =COUNTIF(AN6:AR6,">0") -> 1 | AT6: =COUNTIFS(Carrier,AT$4,AREA,$B6,YEAR,AT$2,Metal,AT$3) -> 9 | AU6: =COUNTIFS(Carrier,AU$4,AREA,$B6,YEAR,AU$2,Metal,AU$3) -> 6 | AV6: =COUNTIFS(Carrier,AV$4,AREA,$B6,YEAR,AV$2,Metal,AV$3) -> 3 | AW6: =COUNTIFS(Carrier,AW$4,AREA,$B6,YEAR,AW$2,Metal,AW$3) -> 2 | AX6: =COUNTIFS(Carrier,AX$4,AREA,$B6,YEAR,AX$2,Metal,AX$3) -> 1 | AY6: =COUNTIF(AT6:AX6,">0") -> 5 | AZ6: =COUNTIFS(Carrier,AZ$4,AREA,$B6,YEAR,AZ$2,Metal,AZ$3) -> 2 | BA6: =COUNTIFS(Carrier,BA$4,AREA,$B6,YEAR,BA$2,Metal,BA$3) -> 5 | BB6: =COUNTIFS(Carrier,BB$4,AREA,$B6,YEAR,BB$2,Metal,BB$3) -> 0 | BC6: =COUNTIFS(Carrier,BC$4,AREA,$B6,YEAR,BC$2,Metal,BC$3) -> 2 | BD6: =COUNTIFS(Carrier,BD$4,AREA,$B6,YEAR,BD$2,Metal,BD$3) -> 0 | BE6: =COUNTIF(AZ6:BD6,">0") -> 3 | BF6: =COUNTIFS(Carrier,BF$4,AREA,$B6,YEAR,BF$2,Metal,BF$3) -> 48 | BG6: =COUNTIFS(Carrier,BG$4,AREA,$B6,YEAR,BG$2,Metal,BG$3) -> 20 | BH6: =COUNTIFS(Carrier,BH$4,AREA,$B6,YEAR,BH$2,Metal,BH$3) -> 12 | BI6: =COUNTIFS(Carrier,BI$4,AREA,$B6,YEAR,BI$2,Metal,BI$3) -> 8 | BJ6: =COUNTIFS(Carrier,BJ$4,AREA,$B6,YEAR,BJ$2,Metal,BJ$3) -> 4 | BK6: =COUNTIF(BF6:BJ6,">0") -> 5 | BL6: =COUNTIFS(Carrier,BL$4,AREA,$B6,YEAR,BL$2,Metal,BL$3) -> 44 | BM6: =COUNTIFS(Carrier,BM$4,AREA,$B6,YEAR,BM$2,Metal,BM$3) -> 8 | BN6: =COUNTIFS(Carrier,BN$4,AREA,$B6,YEAR,BN$2,Metal,BN$3) -> 0 | BO6: =COUNTIFS(Carrier,BO$4,AREA,$B6,YEAR,BO$2,Metal,BO$3) -> 9 | BP6: =COUNTIFS(Carrier,BP$4,AREA,$B6,YEAR,BP$2,Metal,BP$3) -> 0 | BQ6: =COUNTIF(BL6:BP6,">0") -> 3 | BR6: =COUNTIFS(Carrier,BR$4,AREA,$B6,YEAR,BR$2,Metal,BR$3) -> 6 | BS6: =COUNTIFS(Carrier,BS$4,AREA,$B6,YEAR,BS$2,Metal,BS$3) -> 3 | BT6: =COUNTIFS(Carrier,BT$4,AREA,$B6,YEAR,BT$2,Metal,BT$3) -> 2 | BU6: =COUNTIFS(Carrier,BU$4,AREA,$B6,YEAR,BU$2,Metal,BU$3) -> 2 | BV6: =COUNTIFS(Carrier,BV$4,AREA,$B6,YEAR,BV$2,Metal,BV$3) -> 1 | BW6: =COUNTIF(BR6:BV6,">0") -> 5 | BX6: =COUNTIFS(Carrier,BX$4,AREA,$B6,YEAR,BX$2,Metal,BX$3) -> 1 | BY6: =COUNTIFS(Carrier,BY$4,AREA,$B6,YEAR,BY$2,Metal,BY$3) -> 1 | BZ6: =COUNTIFS(Carrier,BZ$4,AREA,$B6,YEAR,BZ$2,Metal,BZ$3) -> 0 | CA6: =COUNTIFS(Carrier,CA$4,AREA,$B6,YEAR,CA$2,Metal,CA$3) -> 2 | CB6: =COUNTIFS(Carrier,CB$4,AREA,$B6,YEAR,CB$2,Metal,CB$3) -> 0 | CC6: =COUNTIF(BX6:CB6,">0") -> 3 | CD6: =COUNTIFS(Carrier,CD$4,AREA,$B6,YEAR,CD$2,Metal,CD$3) -> 0 | CE6: =COUNTIFS(Carrier,CE$4,AREA,$B6,YEAR,CE$2,Metal,CE$3) -> 0 | CF6: =COUNTIFS(Carrier,CF$4,AREA,$B6,YEAR,CF$2,Metal,CF$3) -> 0 | CG6: =COUNTIFS(Carrier,CG$4,AREA,$B6,YEAR,CG$2,Metal,CG$3) -> 0 | CH6: =COUNTIFS(Carrier,CH$4,AREA,$B6,YEAR,CH$2,Metal,CH$3) -> 1 | CI6: =COUNTIF(CD6:CH6,">0") -> 1 | CJ6: =COUNTIFS(Carrier,CJ$4,AREA,$B6,YEAR,CJ$2,Metal,CJ$3) -> 0 | CK6: =COUNTIFS(Carrier,CK$4,AREA,$B6,YEAR,CK$2,Metal,CK$3) -> 0 | CL6: =COUNTIFS(Carrier,CL$4,AREA,$B6,YEAR,CL$2,Metal,CL$3) -> 0 | CM6: =COUNTIFS(Carrier,CM$4,AREA,$B6,YEAR,CM$2,Metal,CM$3) -> 2 | CN6: =COUNTIFS(Carrier,CN$4,AREA,$B6,YEAR,CN$2,Metal,CN$3) -> 0 | CO6: =COUNTIF(CJ6:CN6,">0") -> 1
B7: GA03 | C7: =CONCATENATE(D7,F7) -> GA3 | D7: GA | E7: Rating Area 3 | F7: 3 | G7: =ByCounty!I7 -> 21 | I7: =AM7 -> 3 | J7: =AY7 -> 5 | K7: =BK7 -> 5 | L7: =BW7 -> 5 | M7: =CI7 -> 1 | N7: =AA7 -> 5 | O7: =AS7 -> 2 | P7: =BE7 -> 3 | Q7: =BQ7 -> 3 | R7: =CC7 -> 3 | S7: =CO7 -> 0 | T7: =AG7 -> 3 | V7: =COUNTIFS(Carrier,V$4,AREA,$B7,YEAR,V$3) -> 63 | W7: =COUNTIFS(Carrier,W$4,AREA,$B7,YEAR,W$3) -> 30 | X7: =COUNTIFS(Carrier,X$4,AREA,$B7,YEAR,X$3) -> 18 | Y7: =COUNTIFS(Carrier,Y$4,AREA,$B7,YEAR,Y$3) -> 12 | Z7: =COUNTIFS(Carrier,Z$4,AREA,$B7,YEAR,Z$3) -> 17 | AA7: =COUNTIF(V7:Z7,">0") -> 5 | AB7: =COUNTIFS(Carrier,AB$4,AREA,$B7,YEAR,AB$3) -> 47 | AC7: =COUNTIFS(Carrier,AC$4,AREA,$B7,YEAR,AC$3) -> 66 | AD7: =COUNTIFS(Carrier,AD$4,AREA,$B7,YEAR,AD$3) -> 50 | AE7: =COUNTIFS(Carrier,AE$4,AREA,$B7,YEAR,AE$3) -> 0 | AF7: =COUNTIFS(Carrier,AF$4,AREA,$B7,YEAR,AF$3) -> 0 | AG7: =COUNTIF(AB7:AF7,">0") -> 3 | AH7: =COUNTIFS(Carrier,AH$4,AREA,$B7,YEAR,AH$2,Metal,AH$3) -> 0 | AI7: =COUNTIFS(Carrier,AI$4,AREA,$B7,YEAR,AI$2,Metal,AI$3) -> 1 | AJ7: =COUNTIFS(Carrier,AJ$4,AREA,$B7,YEAR,AJ$2,Metal,AJ$3) -> 1 | AK7: =COUNTIFS(Carrier,AK$4,AREA,$B7,YEAR,AK$2,Metal,AK$3) -> 0 | AL7: =COUNTIFS(Carrier,AL$4,AREA,$B7,YEAR,AL$2,Metal,AL$3) -> 2 | AM7: =COUNTIF(AH7:AL7,">0") -> 3 | AN7: =COUNTIFS(Carrier,AN$4,AREA,$B7,YEAR,AN$2,Metal,AN$3) -> 0 | AO7: =COUNTIFS(Carrier,AO$4,AREA,$B7,YEAR,AO$2,Metal,AO$3) -> 2 | AP7: =COUNTIFS(Carrier,AP$4,AREA,$B7,YEAR,AP$2,Metal,AP$3) -> 4 | AQ7: =COUNTIFS(Carrier,AQ$4,AREA,$B7,YEAR,AQ$2,Metal,AQ$3) -> 0 | AR7: =COUNTIFS(Carrier,AR$4,AREA,$B7,YEAR,AR$2,Metal,AR$3) -> 0 | AS7: =COUNTIF(AN7:AR7,">0") -> 2 | AT7: =COUNTIFS(Carrier,AT$4,AREA,$B7,YEAR,AT$2,Metal,AT$3) -> 9 | AU7: =COUNTIFS(Carrier,AU$4,AREA,$B7,YEAR,AU$2,Metal,AU$3) -> 6 | AV7: =COUNTIFS(Carrier,AV$4,AREA,$B7,YEAR,AV$2,Metal,AV$3) -> 3 | AW7: =COUNTIFS(Carrier,AW$4,AREA,$B7,YEAR,AW$2,Metal,AW$3) -> 2 | AX7: =COUNTIFS(Carrier,AX$4,AREA,$B7,YEAR,AX$2,Metal,AX$3) -> 3 | AY7: =COUNTIF(AT7:AX7,">0") -> 5 | AZ7: =COUNTIFS(Carrier,AZ$4,AREA,$B7,YEAR,AZ$2,Metal,AZ$3) -> 2 | BA7: =COUNTIFS(Carrier,BA$4,AREA,$B7,YEAR,BA$2,Metal,BA$3) -> 10 | BB7: =COUNTIFS(Carrier,BB$4,AREA,$B7,YEAR,BB$2,Metal,BB$3) -> 8 | BC7: =COUNTIFS(Carrier,BC$4,AREA,$B7,YEAR,BC$2,Metal,BC$3) -> 0 | BD7: =COUNTIFS(Carrier,BD$4,AREA,$B7,YEAR,BD$2,Metal,BD$3) -> 0 | BE7: =COUNTIF(AZ7:BD7,">0") -> 3 | BF7: =COUNTIFS(Carrier,BF$4,AREA,$B7,YEAR,BF$2,Metal,BF$3) -> 48 | BG7: =COUNTIFS(Carrier,BG$4,AREA,$B7,YEAR,BG$2,Metal,BG$3) -> 20 | BH7: =COUNTIFS(Carrier,BH$4,AREA,$B7,YEAR,BH$2,Metal,BH$3) -> 12 | BI7: =COUNTIFS(Carrier,BI$4,AREA,$B7,YEAR,BI$2,Metal,BI$3) -> 8 | BJ7: =COUNTIFS(Carrier,BJ$4,AREA,$B7,YEAR,BJ$2,Metal,BJ$3) -> 8 | BK7: =COUNTIF(BF7:BJ7,">0") -> 5 | BL7: =COUNTIFS(Carrier,BL$4,AREA,$B7,YEAR,BL$2,Metal,BL$3) -> 44 | BM7: =COUNTIFS(Carrier,BM$4,AREA,$B7,YEAR,BM$2,Metal,BM$3) -> 52 | BN7: =COUNTIFS(Carrier,BN$4,AREA,$B7,YEAR,BN$2,Metal,BN$3) -> 30 | BO7: =COUNTIFS(Carrier,BO$4,AREA,$B7,YEAR,BO$2,Metal,BO$3) -> 0 | BP7: =COUNTIFS(Carrier,BP$4,AREA,$B7,YEAR,BP$2,Metal,BP$3) -> 0 | BQ7: =COUNTIF(BL7:BP7,">0") -> 3 | BR7: =COUNTIFS(Carrier,BR$4,AREA,$B7,YEAR,BR$2,Metal,BR$3) -> 6 | BS7: =COUNTIFS(Carrier,BS$4,AREA,$B7,YEAR,BS$2,Metal,BS$3) -> 3 | BT7: =COUNTIFS(Carrier,BT$4,AREA,$B7,YEAR,BT$2,Metal,BT$3) -> 2 | BU7: =COUNTIFS(Carrier,BU$4,AREA,$B7,YEAR,BU$2,Metal,BU$3) -> 2 | BV7: =COUNTIFS(Carrier,BV$4,AREA,$B7,YEAR,BV$2,Metal,BV$3) -> 2 | BW7: =COUNTIF(BR7:BV7,">0") -> 5 | BX7: =COUNTIFS(Carrier,BX$4,AREA,$B7,YEAR,BX$2,Metal,BX$3) -> 1 | BY7: =COUNTIFS(Carrier,BY$4,AREA,$B7,YEAR,BY$2,Metal,BY$3) -> 2 | BZ7: =COUNTIFS(Carrier,BZ$4,AREA,$B7,YEAR,BZ$2,Metal,BZ$3) -> 8 | CA7: =COUNTIFS(Carrier,CA$4,AREA,$B7,YEAR,CA$2,Metal,CA$3) -> 0 | CB7: =COUNTIFS(Carrier,CB$4,AREA,$B7,YEAR,CB$2,Metal,CB$3) -> 0 | CC7: =COUNTIF(BX7:CB7,">0") -> 3 | CD7: =COUNTIFS(Carrier,CD$4,AREA,$B7,YEAR,CD$2,Metal,CD$3) -> 0 | CE7: =COUNTIFS(Carrier,CE$4,AREA,$B7,YEAR,CE$2,Metal,CE$3) -> 0 | CF7: =COUNTIFS(Carrier,CF$4,AREA,$B7,YEAR,CF$2,Metal,CF$3) -> 0 | CG7: =COUNTIFS(Carrier,CG$4,AREA,$B7,YEAR,CG$2,Metal,CG$3) -> 0 | CH7: =COUNTIFS(Carrier,CH$4,AREA,$B7,YEAR,CH$2,Metal,CH$3) -> 2 | CI7: =COUNTIF(CD7:CH7,">0") -> 1 | CJ7: =COUNTIFS(Carrier,CJ$4,AREA,$B7,YEAR,CJ$2,Metal,CJ$3) -> 0 | CK7: =COUNTIFS(Carrier,CK$4,AREA,$B7,YEAR,CK$2,Metal,CK$3) -> 0 | CL7: =COUNTIFS(Carrier,CL$4,AREA,$B7,YEAR,CL$2,Metal,CL$3) -> 0 | CM7: =COUNTIFS(Carrier,CM$4,AREA,$B7,YEAR,CM$2,Metal,CM$3) -> 0 | CN7: =COUNTIFS(Carrier,CN$4,AREA,$B7,YEAR,CN$2,Metal,CN$3) -> 0 | CO7: =COUNTIF(CJ7:CN7,">0") -> 0
B8: GA04 | C8: =CONCATENATE(D8,F8) -> GA4 | D8: GA | E8: Rating Area 4 | F8: 4 | G8: =ByCounty!I8 -> 3 | I8: =AM8 -> 3 | J8: =AY8 -> 4 | K8: =BK8 -> 4 | L8: =BW8 -> 4 | M8: =CI8 -> 1 | N8: =AA8 -> 4 | O8: =AS8 -> 1 | P8: =BE8 -> 1 | Q8: =BQ8 -> 1 | R8: =CC8 -> 1 | S8: =CO8 -> 0 | T8: =AG8 -> 1 | V8: =COUNTIFS(Carrier,V$4,AREA,$B8,YEAR,V$3) -> 0 | W8: =COUNTIFS(Carrier,W$4,AREA,$B8,YEAR,W$3) -> 30 | X8: =COUNTIFS(Carrier,X$4,AREA,$B8,YEAR,X$3) -> 18 | Y8: =COUNTIFS(Carrier,Y$4,AREA,$B8,YEAR,Y$3) -> 12 | Z8: =COUNTIFS(Carrier,Z$4,AREA,$B8,YEAR,Z$3) -> 8 | AA8: =COUNTIF(V8:Z8,">0") -> 4 | AB8: =COUNTIFS(Carrier,AB$4,AREA,$B8,YEAR,AB$3) -> 0 | AC8: =COUNTIFS(Carrier,AC$4,AREA,$B8,YEAR,AC$3) -> 15 | AD8: =COUNTIFS(Carrier,AD$4,AREA,$B8,YEAR,AD$3) -> 0 | AE8: =COUNTIFS(Carrier,AE$4,AREA,$B8,YEAR,AE$3) -> 0 | AF8: =COUNTIFS(Carrier,AF$4,AREA,$B8,YEAR,AF$3) -> 0 | AG8: =COUNTIF(AB8:AF8,">0") -> 1 | AH8: =COUNTIFS(Carrier,AH$4,AREA,$B8,YEAR,AH$2,Metal,AH$3) -> 0 | AI8: =COUNTIFS(Carrier,AI$4,AREA,$B8,YEAR,AI$2,Metal,AI$3) -> 1 | AJ8: =COUNTIFS(Carrier,AJ$4,AREA,$B8,YEAR,AJ$2,Metal,AJ$3) -> 1 | AK8: =COUNTIFS(Carrier,AK$4,AREA,$B8,YEAR,AK$2,Metal,AK$3) -> 0 | AL8: =COUNTIFS(Carrier,AL$4,AREA,$B8,YEAR,AL$2,Metal,AL$3) -> 1 | AM8: =COUNTIF(AH8:AL8,">0") -> 3 | AN8: =COUNTIFS(Carrier,AN$4,AREA,$B8,YEAR,AN$2,Metal,AN$3) -> 0 | AO8: =COUNTIFS(Carrier,AO$4,AREA,$B8,YEAR,AO$2,Metal,AO$3) -> 1 | AP8: =COUNTIFS(Carrier,AP$4,AREA,$B8,YEAR,AP$2,Metal,AP$3) -> 0 | AQ8: =COUNTIFS(Carrier,AQ$4,AREA,$B8,YEAR,AQ$2,Metal,AQ$3) -> 0 | AR8: =COUNTIFS(Carrier,AR$4,AREA,$B8,YEAR,AR$2,Metal,AR$3) -> 0 | AS8: =COUNTIF(AN8:AR8,">0") -> 1 | AT8: =COUNTIFS(Carrier,AT$4,AREA,$B8,YEAR,AT$2,Metal,AT$3) -> 0 | AU8: =COUNTIFS(Carrier,AU$4,AREA,$B8,YEAR,AU$2,Metal,AU$3) -> 6 | AV8: =COUNTIFS(Carrier,AV$4,AREA,$B8,YEAR,AV$2,Metal,AV$3) -> 3 | AW8: =COUNTIFS(Carrier,AW$4,AREA,$B8,YEAR,AW$2,Metal,AW$3) -> 2 | AX8: =COUNTIFS(Carrier,AX$4,AREA,$B8,YEAR,AX$2,Metal,AX$3) -> 1 | AY8: =COUNTIF(AT8:AX8,">0") -> 4 | AZ8: =COUNTIFS(Carrier,AZ$4,AREA,$B8,YEAR,AZ$2,Metal,AZ$3) -> 0 | BA8: =COUNTIFS(Carrier,BA$4,AREA,$B8,YEAR,BA$2,Metal,BA$3) -> 5 | BB8: =COUNTIFS(Carrier,BB$4,AREA,$B8,YEAR,BB$2,Metal,BB$3) -> 0 | BC8: =COUNTIFS(Carrier,BC$4,AREA,$B8,YEAR,BC$2,Metal,BC$3) -> 0 | BD8: =COUNTIFS(Carrier,BD$4,AREA,$B8,YEAR,BD$2,Metal,BD$3) -> 0 | BE8: =COUNTIF(AZ8:BD8,">0") -> 1 | BF8: =COUNTIFS(Carrier,BF$4,AREA,$B8,YEAR,BF$2,Metal,BF$3) -> 0 | BG8: =COUNTIFS(Carrier,BG$4,AREA,$B8,YEAR,BG$2,Metal,BG$3) -> 20 | BH8: =COUNTIFS(Carrier,BH$4,AREA,$B8,YEAR,BH$2,Metal,BH$3) -> 12 | BI8: =COUNTIFS(Carrier,BI$4,AREA,$B8,YEAR,BI$2,Metal,BI$3) -> 8 | BJ8: =COUNTIFS(Carrier,BJ$4,AREA,$B8,YEAR,BJ$2,Metal,BJ$3) -> 4 | BK8: =COUNTIF(BF8:BJ8,">0") -> 4 | BL8: =COUNTIFS(Carrier,BL$4,AREA,$B8,YEAR,BL$2,Metal,BL$3) -> 0 | BM8: =COUNTIFS(Carrier,BM$4,AREA,$B8,YEAR,BM$2,Metal,BM$3) -> 8 | BN8: =COUNTIFS(Carrier,BN$4,AREA,$B8,YEAR,BN$2,Metal,BN$3) -> 0 | BO8: =COUNTIFS(Carrier,BO$4,AREA,$B8,YEAR,BO$2,Metal,BO$3) -> 0 | BP8: =COUNTIFS(Carrier,BP$4,AREA,$B8,YEAR,BP$2,Metal,BP$3) -> 0 | BQ8: =COUNTIF(BL8:BP8,">0") -> 1 | BR8: =COUNTIFS(Carrier,BR$4,AREA,$B8,YEAR,BR$2,Metal,BR$3) -> 0 | BS8: =COUNTIFS(Carrier,BS$4,AREA,$B8,YEAR,BS$2,Metal,BS$3) -> 3 | BT8: =COUNTIFS(Carrier,BT$4,AREA,$B8,YEAR,BT$2,Metal,BT$3) -> 2 | BU8: =COUNTIFS(Carrier,BU$4,AREA,$B8,YEAR,BU$2,Metal,BU$3) -> 2 | BV8: =COUNTIFS(Carrier,BV$4,AREA,$B8,YEAR,BV$2,Metal,BV$3) -> 1 | BW8: =COUNTIF(BR8:BV8,">0") -> 4 | BX8: =COUNTIFS(Carrier,BX$4,AREA,$B8,YEAR,BX$2,Metal,BX$3) -> 0 | BY8: =COUNTIFS(Carrier,BY$4,AREA,$B8,YEAR,BY$2,Metal,BY$3) -> 1 | BZ8: =COUNTIFS(Carrier,BZ$4,AREA,$B8,YEAR,BZ$2,Metal,BZ$3) -> 0 | CA8: =COUNTIFS(Carrier,CA$4,AREA,$B8,YEAR,CA$2,Metal,CA$3) -> 0 | CB8: =COUNTIFS(Carrier,CB$4,AREA,$B8,YEAR,CB$2,Metal,CB$3) -> 0 | CC8: =COUNTIF(BX8:CB8,">0") -> 1 | CD8: =COUNTIFS(Carrier,CD$4,AREA,$B8,YEAR,CD$2,Metal,CD$3) -> 0 | CE8: =COUNTIFS(Carrier,CE$4,AREA,$B8,YEAR,CE$2,Metal,CE$3) -> 0 | CF8: =COUNTIFS(Carrier,CF$4,AREA,$B8,YEAR,CF$2,Metal,CF$3) -> 0 | CG8: =COUNTIFS(Carrier,CG$4,AREA,$B8,YEAR,CG$2,Metal,CG$3) -> 0 | CH8: =COUNTIFS(Carrier,CH$4,AREA,$B8,YEAR,CH$2,Metal,CH$3) -> 1 | CI8: =COUNTIF(CD8:CH8,">0") -> 1 | CJ8: =COUNTIFS(Carrier,CJ$4,AREA,$B8,YEAR,CJ$2,Metal,CJ$3) -> 0 | CK8: =COUNTIFS(Carrier,CK$4,AREA,$B8,YEAR,CK$2,Metal,CK$3) -> 0 | CL8: =COUNTIFS(Carrier,CL$4,AREA,$B8,YEAR,CL$2,Metal,CL$3) -> 0 | CM8: =COUNTIFS(Carrier,CM$4,AREA,$B8,YEAR,CM$2,Metal,CM$3) -> 0 | CN8: =COUNTIFS(Carrier,CN$4,AREA,$B8,YEAR,CN$2,Metal,CN$3) -> 0 | CO8: =COUNTIF(CJ8:CN8,">0") -> 0
B9: GA05 | C9: =CONCATENATE(D9,F9) -> GA5 | D9: GA | E9: Rating Area 5 | F9: 5 | G9: =ByCounty!I9 -> 12 | I9: =AM9 -> 2 | J9: =AY9 -> 2 | K9: =BK9 -> 2 | L9: =BW9 -> 2 | M9: =CI9 -> 1 | N9: =AA9 -> 2 | O9: =AS9 -> 1 | P9: =BE9 -> 1 | Q9: =BQ9 -> 1 | R9: =CC9 -> 1 | S9: =CO9 -> 0 | T9: =AG9 -> 1 | V9: =COUNTIFS(Carrier,V$4,AREA,$B9,YEAR,V$3) -> 0 | W9: =COUNTIFS(Carrier,W$4,AREA,$B9,YEAR,W$3) -> 30 | X9: =COUNTIFS(Carrier,X$4,AREA,$B9,YEAR,X$3) -> 0 | Y9: =COUNTIFS(Carrier,Y$4,AREA,$B9,YEAR,Y$3) -> 0 | Z9: =COUNTIFS(Carrier,Z$4,AREA,$B9,YEAR,Z$3) -> 8 | AA9: =COUNTIF(V9:Z9,">0") -> 2 | AB9: =COUNTIFS(Carrier,AB$4,AREA,$B9,YEAR,AB$3) -> 0 | AC9: =COUNTIFS(Carrier,AC$4,AREA,$B9,YEAR,AC$3) -> 30 | AD9: =COUNTIFS(Carrier,AD$4,AREA,$B9,YEAR,AD$3) -> 0 | AE9: =COUNTIFS(Carrier,AE$4,AREA,$B9,YEAR,AE$3) -> 0 | AF9: =COUNTIFS(Carrier,AF$4,AREA,$B9,YEAR,AF$3) -> 0 | AG9: =COUNTIF(AB9:AF9,">0") -> 1 | AH9: =COUNTIFS(Carrier,AH$4,AREA,$B9,YEAR,AH$2,Metal,AH$3) -> 0 | AI9: =COUNTIFS(Carrier,AI$4,AREA,$B9,YEAR,AI$2,Metal,AI$3) -> 1 | AJ9: =COUNTIFS(Carrier,AJ$4,AREA,$B9,YEAR,AJ$2,Metal,AJ$3) -> 0 | AK9: =COUNTIFS(Carrier,AK$4,AREA,$B9,YEAR,AK$2,Metal,AK$3) -> 0 | AL9: =COUNTIFS(Carrier,AL$4,AREA,$B9,YEAR,AL$2,Metal,AL$3) -> 1 | AM9: =COUNTIF(AH9:AL9,">0") -> 2 | AN9: =COUNTIFS(Carrier,AN$4,AREA,$B9,YEAR,AN$2,Metal,AN$3) -> 0 | AO9: =COUNTIFS(Carrier,AO$4,AREA,$B9,YEAR,AO$2,Metal,AO$3) -> 2 | AP9: =COUNTIFS(Carrier,AP$4,AREA,$B9,YEAR,AP$2,Metal,AP$3) -> 0 | AQ9: =COUNTIFS(Carrier,AQ$4,AREA,$B9,YEAR,AQ$2,Metal,AQ$3) -> 0 | AR9: =COUNTIFS(Carrier,AR$4,AREA,$B9,YEAR,AR$2,Metal,AR$3) -> 0 | AS9: =COUNTIF(AN9:AR9,">0") -> 1 | AT9: =COUNTIFS(Carrier,AT$4,AREA,$B9,YEAR,AT$2,Metal,AT$3) -> 0 | AU9: =COUNTIFS(Carrier,AU$4,AREA,$B9,YEAR,AU$2,Metal,AU$3) -> 6 | AV9: =COUNTIFS(Carrier,AV$4,AREA,$B9,YEAR,AV$2,Metal,AV$3) -> 0 | AW9: =COUNTIFS(Carrier,AW$4,AREA,$B9,YEAR,AW$2,Metal,AW$3) -> 0 | AX9: =COUNTIFS(Carrier,AX$4,AREA,$B9,YEAR,AX$2,Metal,AX$3) -> 1 | AY9: =COUNTIF(AT9:AX9,">0") -> 2 | AZ9: =COUNTIFS(Carrier,AZ$4,AREA,$B9,YEAR,AZ$2,Metal,AZ$3) -> 0 | BA9: =COUNTIFS(Carrier,BA$4,AREA,$B9,YEAR,BA$2,Metal,BA$3) -> 10 | BB9: =COUNTIFS(Carrier,BB$4,AREA,$B9,YEAR,BB$2,Metal,BB$3) -> 0 | BC9: =COUNTIFS(Carrier,BC$4,AREA,$B9,YEAR,BC$2,Metal,BC$3) -> 0 | BD9: =COUNTIFS(Carrier,BD$4,AREA,$B9,YEAR,BD$2,Metal,BD$3) -> 0 | BE9: =COUNTIF(AZ9:BD9,">0") -> 1 | BF9: =COUNTIFS(Carrier,BF$4,AREA,$B9,YEAR,BF$2,Metal,BF$3) -> 0 | BG9: =COUNTIFS(Carrier,BG$4,AREA,$B9,YEAR,BG$2,Metal,BG$3) -> 20 | BH9: =COUNTIFS(Carrier,BH$4,AREA,$B9,YEAR,BH$2,Metal,BH$3) -> 0 | BI9: =COUNTIFS(Carrier,BI$4,AREA,$B9,YEAR,BI$2,Metal,BI$3) -> 0 | BJ9: =COUNTIFS(Carrier,BJ$4,AREA,$B9,YEAR,BJ$2,Metal,BJ$3) -> 4 | BK9: =COUNTIF(BF9:BJ9,">0") -> 2 | BL9: =COUNTIFS(Carrier,BL$4,AREA,$B9,YEAR,BL$2,Metal,BL$3) -> 0 | BM9: =COUNTIFS(Carrier,BM$4,AREA,$B9,YEAR,BM$2,Metal,BM$3) -> 16 | BN9: =COUNTIFS(Carrier,BN$4,AREA,$B9,YEAR,BN$2,Metal,BN$3) -> 0 | BO9: =COUNTIFS(Carrier,BO$4,AREA,$B9,YEAR,BO$2,Metal,BO$3) -> 0 | BP9: =COUNTIFS(Carrier,BP$4,AREA,$B9,YEAR,BP$2,Metal,BP$3) -> 0 | BQ9: =COUNTIF(BL9:BP9,">0") -> 1 | BR9: =COUNTIFS(Carrier,BR$4,AREA,$B9,YEAR,BR$2,Metal,BR$3) -> 0 | BS9: =COUNTIFS(Carrier,BS$4,AREA,$B9,YEAR,BS$2,Metal,BS$3) -> 3 | BT9: =COUNTIFS(Carrier,BT$4,AREA,$B9,YEAR,BT$2,Metal,BT$3) -> 0 | BU9: =COUNTIFS(Carrier,BU$4,AREA,$B9,YEAR,BU$2,Metal,BU$3) -> 0 | BV9: =COUNTIFS(Carrier,BV$4,AREA,$B9,YEAR,BV$2,Metal,BV$3) -> 1 | BW9: =COUNTIF(BR9:BV9,">0") -> 2 | BX9: =COUNTIFS(Carrier,BX$4,AREA,$B9,YEAR,BX$2,Metal,BX$3) -> 0 | BY9: =COUNTIFS(Carrier,BY$4,AREA,$B9,YEAR,BY$2,Metal,BY$3) -> 2 | BZ9: =COUNTIFS(Carrier,BZ$4,AREA,$B9,YEAR,BZ$2,Metal,BZ$3) -> 0 | CA9: =COUNTIFS(Carrier,CA$4,AREA,$B9,YEAR,CA$2,Metal,CA$3) -> 0 | CB9: =COUNTIFS(Carrier,CB$4,AREA,$B9,YEAR,CB$2,Metal,CB$3) -> 0 | CC9: =COUNTIF(BX9:CB9,">0") -> 1 | CD9: =COUNTIFS(Carrier,CD$4,AREA,$B9,YEAR,CD$2,Metal,CD$3) -> 0 | CE9: =COUNTIFS(Carrier,CE$4,AREA,$B9,YEAR,CE$2,Metal,CE$3) -> 0 | CF9: =COUNTIFS(Carrier,CF$4,AREA,$B9,YEAR,CF$2,Metal,CF$3) -> 0 | CG9: =COUNTIFS(Carrier,CG$4,AREA,$B9,YEAR,CG$2,Metal,CG$3) -> 0 | CH9: =COUNTIFS(Carrier,CH$4,AREA,$B9,YEAR,CH$2,Metal,CH$3) -> 1 | CI9: =COUNTIF(CD9:CH9,">0") -> 1 | CJ9: =COUNTIFS(Carrier,CJ$4,AREA,$B9,YEAR,CJ$2,Metal,CJ$3) -> 0 | CK9: =COUNTIFS(Carrier,CK$4,AREA,$B9,YEAR,CK$2,Metal,CK$3) -> 0 | CL9: =COUNTIFS(Carrier,CL$4,AREA,$B9,YEAR,CL$2,Metal,CL$3) -> 0 | CM9: =COUNTIFS(Carrier,CM$4,AREA,$B9,YEAR,CM$2,Metal,CM$3) -> 0 | CN9: =COUNTIFS(Carrier,CN$4,AREA,$B9,YEAR,CN$2,Metal,CN$3) -> 0 | CO9: =COUNTIF(CJ9:CN9,">0") -> 0
B10: GA06 | C10: =CONCATENATE(D10,F10) -> GA6 | D10: GA | E10: Rating Area 6 | F10: 6 | G10: =ByCounty!I10 -> 9 | I10: =AM10 -> 2 | J10: =AY10 -> 2 | K10: =BK10 -> 2 | L10: =BW10 -> 2 | M10: =CI10 -> 1 | N10: =AA10 -> 2 | O10: =AS10 -> 1 | P10: =BE10 -> 2 | Q10: =BQ10 -> 2 | R10: =CC10 -> 2 | S10: =CO10 -> 0 | T10: =AG10 -> 2 | V10: =COUNTIFS(Carrier,V$4,AREA,$B10,YEAR,V$3) -> 0 | W10: =COUNTIFS(Carrier,W$4,AREA,$B10,YEAR,W$3) -> 30 | X10: =COUNTIFS(Carrier,X$4,AREA,$B10,YEAR,X$3) -> 0 | Y10: =COUNTIFS(Carrier,Y$4,AREA,$B10,YEAR,Y$3) -> 0 | Z10: =COUNTIFS(Carrier,Z$4,AREA,$B10,YEAR,Z$3) -> 8 | AA10: =COUNTIF(V10:Z10,">0") -> 2 | AB10: =COUNTIFS(Carrier,AB$4,AREA,$B10,YEAR,AB$3) -> 47 | AC10: =COUNTIFS(Carrier,AC$4,AREA,$B10,YEAR,AC$3) -> 15 | AD10: =COUNTIFS(Carrier,AD$4,AREA,$B10,YEAR,AD$3) -> 0 | AE10: =COUNTIFS(Carrier,AE$4,AREA,$B10,YEAR,AE$3) -> 0 | AF10: =COUNTIFS(Carrier,AF$4,AREA,$B10,YEAR,AF$3) -> 0 | AG10: =COUNTIF(AB10:AF10,">0") -> 2 | AH10: =COUNTIFS(Carrier,AH$4,AREA,$B10,YEAR,AH$2,Metal,AH$3) -> 0 | AI10: =COUNTIFS(Carrier,AI$4,AREA,$B10,YEAR,AI$2,Metal,AI$3) -> 1 | AJ10: =COUNTIFS(Carrier,AJ$4,AREA,$B10,YEAR,AJ$2,Metal,AJ$3) -> 0 | AK10: =COUNTIFS(Carrier,AK$4,AREA,$B10,YEAR,AK$2,Metal,AK$3) -> 0 | AL10: =COUNTIFS(Carrier,AL$4,AREA,$B10,YEAR,AL$2,Metal,AL$3) -> 1 | AM10: =COUNTIF(AH10:AL10,">0") -> 2 | AN10: =COUNTIFS(Carrier,AN$4,AREA,$B10,YEAR,AN$2,Metal,AN$3) -> 0 | AO10: =COUNTIFS(Carrier,AO$4,AREA,$B10,YEAR,AO$2,Metal,AO$3) -> 1 | AP10: =COUNTIFS(Carrier,AP$4,AREA,$B10,YEAR,AP$2,Metal,AP$3) -> 0 | AQ10: =COUNTIFS(Carrier,AQ$4,AREA,$B10,YEAR,AQ$2,Metal,AQ$3) -> 0 | AR10: =COUNTIFS(Carrier,AR$4,AREA,$B10,YEAR,AR$2,Metal,AR$3) -> 0 | AS10: =COUNTIF(AN10:AR10,">0") -> 1 | AT10: =COUNTIFS(Carrier,AT$4,AREA,$B10,YEAR,AT$2,Metal,AT$3) -> 0 | AU10: =COUNTIFS(Carrier,AU$4,AREA,$B10,YEAR,AU$2,Metal,AU$3) -> 6 | AV10: =COUNTIFS(Carrier,AV$4,AREA,$B10,YEAR,AV$2,Metal,AV$3) -> 0 | AW10: =COUNTIFS(Carrier,AW$4,AREA,$B10,YEAR,AW$2,Metal,AW$3) -> 0 | AX10: =COUNTIFS(Carrier,AX$4,AREA,$B10,YEAR,AX$2,Metal,AX$3) -> 1 | AY10: =COUNTIF(AT10:AX10,">0") -> 2 | AZ10: =COUNTIFS(Carrier,AZ$4,AREA,$B10,YEAR,AZ$2,Metal,AZ$3) -> 2 | BA10: =COUNTIFS(Carrier,BA$4,AREA,$B10,YEAR,BA$2,Metal,BA$3) -> 5 | BB10: =COUNTIFS(Carrier,BB$4,AREA,$B10,YEAR,BB$2,Metal,BB$3) -> 0 | BC10: =COUNTIFS(Carrier,BC$4,AREA,$B10,YEAR,BC$2,Metal,BC$3) -> 0 | BD10: =COUNTIFS(Carrier,BD$4,AREA,$B10,YEAR,BD$2,Metal,BD$3) -> 0 | BE10: =COUNTIF(AZ10:BD10,">0") -> 2 | BF10: =COUNTIFS(Carrier,BF$4,AREA,$B10,YEAR,BF$2,Metal,BF$3) -> 0 | BG10: =COUNTIFS(Carrier,BG$4,AREA,$B10,YEAR,BG$2,Metal,BG$3) -> 20 | BH10: =COUNTIFS(Carrier,BH$4,AREA,$B10,YEAR,BH$2,Metal,BH$3) -> 0 | BI10: =COUNTIFS(Carrier,BI$4,AREA,$B10,YEAR,BI$2,Metal,BI$3) -> 0 | BJ10: =COUNTIFS(Carrier,BJ$4,AREA,$B10,YEAR,BJ$2,Metal,BJ$3) -> 4 | BK10: =COUNTIF(BF10:BJ10,">0") -> 2 | BL10: =COUNTIFS(Carrier,BL$4,AREA,$B10,YEAR,BL$2,Metal,BL$3) -> 44 | BM10: =COUNTIFS(Carrier,BM$4,AREA,$B10,YEAR,BM$2,Metal,BM$3) -> 8 | BN10: =COUNTIFS(Carrier,BN$4,AREA,$B10,YEAR,BN$2,Metal,BN$3) -> 0 | BO10: =COUNTIFS(Carrier,BO$4,AREA,$B10,YEAR,BO$2,Metal,BO$3) -> 0 | BP10: =COUNTIFS(Carrier,BP$4,AREA,$B10,YEAR,BP$2,Metal,BP$3) -> 0 | BQ10: =COUNTIF(BL10:BP10,">0") -> 2 | BR10: =COUNTIFS(Carrier,BR$4,AREA,$B10,YEAR,BR$2,Metal,BR$3) -> 0 | BS10: =COUNTIFS(Carrier,BS$4,AREA,$B10,YEAR,BS$2,Metal,BS$3) -> 3 | BT10: =COUNTIFS(Carrier,BT$4,AREA,$B10,YEAR,BT$2,Metal,BT$3) -> 0 | BU10: =COUNTIFS(Carrier,BU$4,AREA,$B10,YEAR,BU$2,Metal,BU$3) -> 0 | BV10: =COUNTIFS(Carrier,BV$4,AREA,$B10,YEAR,BV$2,Metal,BV$3) -> 1 | BW10: =COUNTIF(BR10:BV10,">0") -> 2 | BX10: =COUNTIFS(Carrier,BX$4,AREA,$B10,YEAR,BX$2,Metal,BX$3) -> 1 | BY10: =COUNTIFS(Carrier,BY$4,AREA,$B10,YEAR,BY$2,Metal,BY$3) -> 1 | BZ10: =COUNTIFS(Carrier,BZ$4,AREA,$B10,YEAR,BZ$2,Metal,BZ$3) -> 0 | CA10: =COUNTIFS(Carrier,CA$4,AREA,$B10,YEAR,CA$2,Metal,CA$3) -> 0 | CB10: =COUNTIFS(Carrier,CB$4,AREA,$B10,YEAR,CB$2,Metal,CB$3) -> 0 | CC10: =COUNTIF(BX10:CB10,">0") -> 2 | CD10: =COUNTIFS(Carrier,CD$4,AREA,$B10,YEAR,CD$2,Metal,CD$3) -> 0 | CE10: =COUNTIFS(Carrier,CE$4,AREA,$B10,YEAR,CE$2,Metal,CE$3) -> 0 | CF10: =COUNTIFS(Carrier,CF$4,AREA,$B10,YEAR,CF$2,Metal,CF$3) -> 0 | CG10: =COUNTIFS(Carrier,CG$4,AREA,$B10,YEAR,CG$2,Metal,CG$3) -> 0 | CH10: =COUNTIFS(Carrier,CH$4,AREA,$B10,YEAR,CH$2,Metal,CH$3) -> 1 | CI10: =COUNTIF(CD10:CH10,">0") -> 1 | CJ10: =COUNTIFS(Carrier,CJ$4,AREA,$B10,YEAR,CJ$2,Metal,CJ$3) -> 0 | CK10: =COUNTIFS(Carrier,CK$4,AREA,$B10,YEAR,CK$2,Metal,CK$3) -> 0 | CL10: =COUNTIFS(Carrier,CL$4,AREA,$B10,YEAR,CL$2,Metal,CL$3) -> 0 | CM10: =COUNTIFS(Carrier,CM$4,AREA,$B10,YEAR,CM$2,Metal,CM$3) -> 0 | CN10: =COUNTIFS(Carrier,CN$4,AREA,$B10,YEAR,CN$2,Metal,CN$3) -> 0 | CO10: =COUNTIF(CJ10:CN10,">0") -> 0
B11: GA07 | C11: =CONCATENATE(D11,F11) -> GA7 | D11: GA | E11: Rating Area 7 | F11: 7 | G11: =ByCounty!I11 -> 3 | I11: =AM11 -> 1 | J11: =AY11 -> 2 | K11: =BK11 -> 2 | L11: =BW11 -> 2 | M11: =CI11 -> 0 | N11: =AA11 -> 2 | O11: =AS11 -> 0 | P11: =BE11 -> 1 | Q11: =BQ11 -> 1 | R11: =CC11 -> 1 | S11: =CO11 -> 0 | T11: =AG11 -> 1 | V11: =COUNTIFS(Carrier,V$4,AREA,$B11,YEAR,V$3) -> 0 | W11: =COUNTIFS(Carrier,W$4,AREA,$B11,YEAR,W$3) -> 30 | X11: =COUNTIFS(Carrier,X$4,AREA,$B11,YEAR,X$3) -> 0 | Y11: =COUNTIFS(Carrier,Y$4,AREA,$B11,YEAR,Y$3) -> 12 | Z11: =COUNTIFS(Carrier,Z$4,AREA,$B11,YEAR,Z$3) -> 0 | AA11: =COUNTIF(V11:Z11,">0") -> 2 | AB11: =COUNTIFS(Carrier,AB$4,AREA,$B11,YEAR,AB$3) -> 47 | AC11: =COUNTIFS(Carrier,AC$4,AREA,$B11,YEAR,AC$3) -> 0 | AD11: =COUNTIFS(Carrier,AD$4,AREA,$B11,YEAR,AD$3) -> 0 | AE11: =COUNTIFS(Carrier,AE$4,AREA,$B11,YEAR,AE$3) -> 0 | AF11: =COUNTIFS(Carrier,AF$4,AREA,$B11,YEAR,AF$3) -> 0 | AG11: =COUNTIF(AB11:AF11,">0") -> 1 | AH11: =COUNTIFS(Carrier,AH$4,AREA,$B11,YEAR,AH$2,Metal,AH$3) -> 0 | AI11: =COUNTIFS(Carrier,AI$4,AREA,$B11,YEAR,AI$2,Metal,AI$3) -> 1 | AJ11: =COUNTIFS(Carrier,AJ$4,AREA,$B11,YEAR,AJ$2,Metal,AJ$3) -> 0 | AK11: =COUNTIFS(Carrier,AK$4,AREA,$B11,YEAR,AK$2,Metal,AK$3) -> 0 | AL11: =COUNTIFS(Carrier,AL$4,AREA,$B11,YEAR,AL$2,Metal,AL$3) -> 0 | AM11: =COUNTIF(AH11:AL11,">0") -> 1 | AN11: =COUNTIFS(Carrier,AN$4,AREA,$B11,YEAR,AN$2,Metal,AN$3) -> 0 | AO11: =COUNTIFS(Carrier,AO$4,AREA,$B11,YEAR,AO$2,Metal,AO$3) -> 0 | AP11: =COUNTIFS(Carrier,AP$4,AREA,$B11,YEAR,AP$2,Metal,AP$3) -> 0 | AQ11: =COUNTIFS(Carrier,AQ$4,AREA,$B11,YEAR,AQ$2,Metal,AQ$3) -> 0 | AR11: =COUNTIFS(Carrier,AR$4,AREA,$B11,YEAR,AR$2,Metal,AR$3) -> 0 | AS11: =COUNTIF(AN11:AR11,">0") -> 0 | AT11: =COUNTIFS(Carrier,AT$4,AREA,$B11,YEAR,AT$2,Metal,AT$3) -> 0 | AU11: =COUNTIFS(Carrier,AU$4,AREA,$B11,YEAR,AU$2,Metal,AU$3) -> 6 | AV11: =COUNTIFS(Carrier,AV$4,AREA,$B11,YEAR,AV$2,Metal,AV$3) -> 0 | AW11: =COUNTIFS(Carrier,AW$4,AREA,$B11,YEAR,AW$2,Metal,AW$3) -> 2 | AX11: =COUNTIFS(Carrier,AX$4,AREA,$B11,YEAR,AX$2,Metal,AX$3) -> 0 | AY11: =COUNTIF(AT11:AX11,">0") -> 2 | AZ11: =COUNTIFS(Carrier,AZ$4,AREA,$B11,YEAR,AZ$2,Metal,AZ$3) -> 2 | BA11: =COUNTIFS(Carrier,BA$4,AREA,$B11,YEAR,BA$2,Metal,BA$3) -> 0 | BB11: =COUNTIFS(Carrier,BB$4,AREA,$B11,YEAR,BB$2,Metal,BB$3) -> 0 | BC11: =COUNTIFS(Carrier,BC$4,AREA,$B11,YEAR,BC$2,Metal,BC$3) -> 0 | BD11: =COUNTIFS(Carrier,BD$4,AREA,$B11,YEAR,BD$2,Metal,BD$3) -> 0 | BE11: =COUNTIF(AZ11:BD11,">0") -> 1 | BF11: =COUNTIFS(Carrier,BF$4,AREA,$B11,YEAR,BF$2,Metal,BF$3) -> 0 | BG11: =COUNTIFS(Carrier,BG$4,AREA,$B11,YEAR,BG$2,Metal,BG$3) -> 20 | BH11: =COUNTIFS(Carrier,BH$4,AREA,$B11,YEAR,BH$2,Metal,BH$3) -> 0 | BI11: =COUNTIFS(Carrier,BI$4,AREA,$B11,YEAR,BI$2,Metal,BI$3) -> 8 | BJ11: =COUNTIFS(Carrier,BJ$4,AREA,$B11,YEAR,BJ$2,Metal,BJ$3) -> 0 | BK11: =COUNTIF(BF11:BJ11,">0") -> 2 | BL11: =COUNTIFS(Carrier,BL$4,AREA,$B11,YEAR,BL$2,Metal,BL$3) -> 44 | BM11: =COUNTIFS(Carrier,BM$4,AREA,$B11,YEAR,BM$2,Metal,BM$3) -> 0 | BN11: =COUNTIFS(Carrier,BN$4,AREA,$B11,YEAR,BN$2,Metal,BN$3) -> 0 | BO11: =COUNTIFS(Carrier,BO$4,AREA,$B11,YEAR,BO$2,Metal,BO$3) -> 0 | BP11: =COUNTIFS(Carrier,BP$4,AREA,$B11,YEAR,BP$2,Metal,BP$3) -> 0 | BQ11: =COUNTIF(BL11:BP11,">0") -> 1 | BR11: =COUNTIFS(Carrier,BR$4,AREA,$B11,YEAR,BR$2,Metal,BR$3) -> 0 | BS11: =COUNTIFS(Carrier,BS$4,AREA,$B11,YEAR,BS$2,Metal,BS$3) -> 3 | BT11: =COUNTIFS(Carrier,BT$4,AREA,$B11,YEAR,BT$2,Metal,BT$3) -> 0 | BU11: =COUNTIFS(Carrier,BU$4,AREA,$B11,YEAR,BU$2,Metal,BU$3) -> 2 | BV11: =COUNTIFS(Carrier,BV$4,AREA,$B11,YEAR,BV$2,Metal,BV$3) -> 0 | BW11: =COUNTIF(BR11:BV11,">0") -> 2 | BX11: =COUNTIFS(Carrier,BX$4,AREA,$B11,YEAR,BX$2,Metal,BX$3) -> 1 | BY11: =COUNTIFS(Carrier,BY$4,AREA,$B11,YEAR,BY$2,Metal,BY$3) -> 0 | BZ11: =COUNTIFS(Carrier,BZ$4,AREA,$B11,YEAR,BZ$2,Metal,BZ$3) -> 0 | CA11: =COUNTIFS(Carrier,CA$4,AREA,$B11,YEAR,CA$2,Metal,CA$3) -> 0 | CB11: =COUNTIFS(Carrier,CB$4,AREA,$B11,YEAR,CB$2,Metal,CB$3) -> 0 | CC11: =COUNTIF(BX11:CB11,">0") -> 1 | CD11: =COUNTIFS(Carrier,CD$4,AREA,$B11,YEAR,CD$2,Metal,CD$3) -> 0 | CE11: =COUNTIFS(Carrier,CE$4,AREA,$B11,YEAR,CE$2,Metal,CE$3) -> 0 | CF11: =COUNTIFS(Carrier,CF$4,AREA,$B11,YEAR,CF$2,Metal,CF$3) -> 0 | CG11: =COUNTIFS(Carrier,CG$4,AREA,$B11,YEAR,CG$2,Metal,CG$3) -> 0 | CH11: =COUNTIFS(Carrier,CH$4,AREA,$B11,YEAR,CH$2,Metal,CH$3) -> 0 | CI11: =COUNTIF(CD11:CH11,">0") -> 0 | CJ11: =COUNTIFS(Carrier,CJ$4,AREA,$B11,YEAR,CJ$2,Metal,CJ$3) -> 0 | CK11: =COUNTIFS(Carrier,CK$4,AREA,$B11,YEAR,CK$2,Metal,CK$3) -> 0 | CL11: =COUNTIFS(Carrier,CL$4,AREA,$B11,YEAR,CL$2,Metal,CL$3) -> 0 | CM11: =COUNTIFS(Carrier,CM$4,AREA,$B11,YEAR,CM$2,Metal,CM$3) -> 0 | CN11: =COUNTIFS(Carrier,CN$4,AREA,$B11,YEAR,CN$2,Metal,CN$3) -> 0 | CO11: =COUNTIF(CJ11:CN11,">0") -> 0
B12: GA08 | C12: =CONCATENATE(D12,F12) -> GA8 | D12: GA | E12: Rating Area 8 | F12: 8 | G12: =ByCounty!I12 -> 13 | I12: =AM12 -> 3 | J12: =AY12 -> 4 | K12: =BK12 -> 4 | L12: =BW12 -> 4 | M12: =CI12 -> 1 | N12: =AA12 -> 4 | O12: =AS12 -> 1 | P12: =BE12 -> 2 | Q12: =BQ12 -> 2 | R12: =CC12 -> 2 | S12: =CO12 -> 0 | T12: =AG12 -> 2 | V12: =COUNTIFS(Carrier,V$4,AREA,$B12,YEAR,V$3) -> 63 | W12: =COUNTIFS(Carrier,W$4,AREA,$B12,YEAR,W$3) -> 30 | X12: =COUNTIFS(Carrier,X$4,AREA,$B12,YEAR,X$3) -> 18 | Y12: =COUNTIFS(Carrier,Y$4,AREA,$B12,YEAR,Y$3) -> 0 | Z12: =COUNTIFS(Carrier,Z$4,AREA,$B12,YEAR,Z$3) -> 17 | AA12: =COUNTIF(V12:Z12,">0") -> 4 | AB12: =COUNTIFS(Carrier,AB$4,AREA,$B12,YEAR,AB$3) -> 47 | AC12: =COUNTIFS(Carrier,AC$4,AREA,$B12,YEAR,AC$3) -> 15 | AD12: =COUNTIFS(Carrier,AD$4,AREA,$B12,YEAR,AD$3) -> 0 | AE12: =COUNTIFS(Carrier,AE$4,AREA,$B12,YEAR,AE$3) -> 0 | AF12: =COUNTIFS(Carrier,AF$4,AREA,$B12,YEAR,AF$3) -> 0 | AG12: =COUNTIF(AB12:AF12,">0") -> 2 | AH12: =COUNTIFS(Carrier,AH$4,AREA,$B12,YEAR,AH$2,Metal,AH$3) -> 0 | AI12: =COUNTIFS(Carrier,AI$4,AREA,$B12,YEAR,AI$2,Metal,AI$3) -> 1 | AJ12: =COUNTIFS(Carrier,AJ$4,AREA,$B12,YEAR,AJ$2,Metal,AJ$3) -> 1 | AK12: =COUNTIFS(Carrier,AK$4,AREA,$B12,YEAR,AK$2,Metal,AK$3) -> 0 | AL12: =COUNTIFS(Carrier,AL$4,AREA,$B12,YEAR,AL$2,Metal,AL$3) -> 2 | AM12: =COUNTIF(AH12:AL12,">0") -> 3 | AN12: =COUNTIFS(Carrier,AN$4,AREA,$B12,YEAR,AN$2,Metal,AN$3) -> 0 | AO12: =COUNTIFS(Carrier,AO$4,AREA,$B12,YEAR,AO$2,Metal,AO$3) -> 1 | AP12: =COUNTIFS(Carrier,AP$4,AREA,$B12,YEAR,AP$2,Metal,AP$3) -> 0 | AQ12: =COUNTIFS(Carrier,AQ$4,AREA,$B12,YEAR,AQ$2,Metal,AQ$3) -> 0 | AR12: =COUNTIFS(Carrier,AR$4,AREA,$B12,YEAR,AR$2,Metal,AR$3) -> 0 | AS12: =COUNTIF(AN12:AR12,">0") -> 1 | AT12: =COUNTIFS(Carrier,AT$4,AREA,$B12,YEAR,AT$2,Metal,AT$3) -> 9 | AU12: =COUNTIFS(Carrier,AU$4,AREA,$B12,YEAR,AU$2,Metal,AU$3) -> 6 | AV12: =COUNTIFS(Carrier,AV$4,AREA,$B12,YEAR,AV$2,Metal,AV$3) -> 3 | AW12: =COUNTIFS(Carrier,AW$4,AREA,$B12,YEAR,AW$2,Metal,AW$3) -> 0 | AX12: =COUNTIFS(Carrier,AX$4,AREA,$B12,YEAR,AX$2,Metal,AX$3) -> 3 | AY12: =COUNTIF(AT12:AX12,">0") -> 4 | AZ12: =COUNTIFS(Carrier,AZ$4,AREA,$B12,YEAR,AZ$2,Metal,AZ$3) -> 2 | BA12: =COUNTIFS(Carrier,BA$4,AREA,$B12,YEAR,BA$2,Metal,BA$3) -> 5 | BB12: =COUNTIFS(Carrier,BB$4,AREA,$B12,YEAR,BB$2,Metal,BB$3) -> 0 | BC12: =COUNTIFS(Carrier,BC$4,AREA,$B12,YEAR,BC$2,Metal,BC$3) -> 0 | BD12: =COUNTIFS(Carrier,BD$4,AREA,$B12,YEAR,BD$2,Metal,BD$3) -> 0 | BE12: =COUNTIF(AZ12:BD12,">0") -> 2 | BF12: =COUNTIFS(Carrier,BF$4,AREA,$B12,YEAR,BF$2,Metal,BF$3) -> 48 | BG12: =COUNTIFS(Carrier,BG$4,AREA,$B12,YEAR,BG$2,Metal,BG$3) -> 20 | BH12: =COUNTIFS(Carrier,BH$4,AREA,$B12,YEAR,BH$2,Metal,BH$3) -> 12 | BI12: =COUNTIFS(Carrier,BI$4,AREA,$B12,YEAR,BI$2,Metal,BI$3) -> 0 | BJ12: =COUNTIFS(Carrier,BJ$4,AREA,$B12,YEAR,BJ$2,Metal,BJ$3) -> 8 | BK12: =COUNTIF(BF12:BJ12,">0") -> 4 | BL12: =COUNTIFS(Carrier,BL$4,AREA,$B12,YEAR,BL$2,Metal,BL$3) -> 44 | BM12: =COUNTIFS(Carrier,BM$4,AREA,$B12,YEAR,BM$2,Metal,BM$3) -> 8 | BN12: =COUNTIFS(Carrier,BN$4,AREA,$B12,YEAR,BN$2,Metal,BN$3) -> 0 | BO12: =COUNTIFS(Carrier,BO$4,AREA,$B12,YEAR,BO$2,Metal,BO$3) -> 0 | BP12: =COUNTIFS(Carrier,BP$4,AREA,$B12,YEAR,BP$2,Metal,BP$3) -> 0 | BQ12: =COUNTIF(BL12:BP12,">0") -> 2 | BR12: =COUNTIFS(Carrier,BR$4,AREA,$B12,YEAR,BR$2,Metal,BR$3) -> 6 | BS12: =COUNTIFS(Carrier,BS$4,AREA,$B12,YEAR,BS$2,Metal,BS$3) -> 3 | BT12: =COUNTIFS(Carrier,BT$4,AREA,$B12,YEAR,BT$2,Metal,BT$3) -> 2 | BU12: =COUNTIFS(Carrier,BU$4,AREA,$B12,YEAR,BU$2,Metal,BU$3) -> 0 | BV12: =COUNTIFS(Carrier,BV$4,AREA,$B12,YEAR,BV$2,Metal,BV$3) -> 2 | BW12: =COUNTIF(BR12:BV12,">0") -> 4 | BX12: =COUNTIFS(Carrier,BX$4,AREA,$B12,YEAR,BX$2,Metal,BX$3) -> 1 | BY12: =COUNTIFS(Carrier,BY$4,AREA,$B12,YEAR,BY$2,Metal,BY$3) -> 1 | BZ12: =COUNTIFS(Carrier,BZ$4,AREA,$B12,YEAR,BZ$2,Metal,BZ$3) -> 0 | CA12: =COUNTIFS(Carrier,CA$4,AREA,$B12,YEAR,CA$2,Metal,CA$3) -> 0 | CB12: =COUNTIFS(Carrier,CB$4,AREA,$B12,YEAR,CB$2,Metal,CB$3) -> 0 | CC12: =COUNTIF(BX12:CB12,">0") -> 2 | CD12: =COUNTIFS(Carrier,CD$4,AREA,$B12,YEAR,CD$2,Metal,CD$3) -> 0 | CE12: =COUNTIFS(Carrier,CE$4,AREA,$B12,YEAR,CE$2,Metal,CE$3) -> 0 | CF12: =COUNTIFS(Carrier,CF$4,AREA,$B12,YEAR,CF$2,Metal,CF$3) -> 0 | CG12: =COUNTIFS(Carrier,CG$4,AREA,$B12,YEAR,CG$2,Metal,CG$3) -> 0 | CH12: =COUNTIFS(Carrier,CH$4,AREA,$B12,YEAR,CH$2,Metal,CH$3) -> 2 | CI12: =COUNTIF(CD12:CH12,">0") -> 1 | CJ12: =COUNTIFS(Carrier,CJ$4,AREA,$B12,YEAR,CJ$2,Metal,CJ$3) -> 0 | CK12: =COUNTIFS(Carrier,CK$4,AREA,$B12,YEAR,CK$2,Metal,CK$3) -> 0 | CL12: =COUNTIFS(Carrier,CL$4,AREA,$B12,YEAR,CL$2,Metal,CL$3) -> 0 | CM12: =COUNTIFS(Carrier,CM$4,AREA,$B12,YEAR,CM$2,Metal,CM$3) -> 0 | CN12: =COUNTIFS(Carrier,CN$4,AREA,$B12,YEAR,CN$2,Metal,CN$3) -> 0 | CO12: =COUNTIF(CJ12:CN12,">0") -> 0
B13: GA09 | C13: =CONCATENATE(D13,F13) -> GA9 | D13: GA | E13: Rating Area 9 | F13: 9 | G13: =ByCounty!I13 -> 3 | I13: =AM13 -> 1 | J13: =AY13 -> 2 | K13: =BK13 -> 2 | L13: =BW13 -> 2 | M13: =CI13 -> 0 | N13: =AA13 -> 2 | O13: =AS13 -> 1 | P13: =BE13 -> 3 | Q13: =BQ13 -> 3 | R13: =CC13 -> 3 | S13: =CO13 -> 1 | T13: =AG13 -> 3 | V13: =COUNTIFS(Carrier,V$4,AREA,$B13,YEAR,V$3) -> 0 | W13: =COUNTIFS(Carrier,W$4,AREA,$B13,YEAR,W$3) -> 30 | X13: =COUNTIFS(Carrier,X$4,AREA,$B13,YEAR,X$3) -> 0 | Y13: =COUNTIFS(Carrier,Y$4,AREA,$B13,YEAR,Y$3) -> 12 | Z13: =COUNTIFS(Carrier,Z$4,AREA,$B13,YEAR,Z$3) -> 0 | AA13: =COUNTIF(V13:Z13,">0") -> 2 | AB13: =COUNTIFS(Carrier,AB$4,AREA,$B13,YEAR,AB$3) -> 47 | AC13: =COUNTIFS(Carrier,AC$4,AREA,$B13,YEAR,AC$3) -> 31 | AD13: =COUNTIFS(Carrier,AD$4,AREA,$B13,YEAR,AD$3) -> 0 | AE13: =COUNTIFS(Carrier,AE$4,AREA,$B13,YEAR,AE$3) -> 45 | AF13: =COUNTIFS(Carrier,AF$4,AREA,$B13,YEAR,AF$3) -> 0 | AG13: =COUNTIF(AB13:AF13,">0") -> 3 | AH13: =COUNTIFS(Carrier,AH$4,AREA,$B13,YEAR,AH$2,Metal,AH$3) -> 0 | AI13: =COUNTIFS(Carrier,AI$4,AREA,$B13,YEAR,AI$2,Metal,AI$3) -> 1 | AJ13: =COUNTIFS(Carrier,AJ$4,AREA,$B13,YEAR,AJ$2,Metal,AJ$3) -> 0 | AK13: =COUNTIFS(Carrier,AK$4,AREA,$B13,YEAR,AK$2,Metal,AK$3) -> 0 | AL13: =COUNTIFS(Carrier,AL$4,AREA,$B13,YEAR,AL$2,Metal,AL$3) -> 0 | AM13: =COUNTIF(AH13:AL13,">0") -> 1 | AN13: =COUNTIFS(Carrier,AN$4,AREA,$B13,YEAR,AN$2,Metal,AN$3) -> 0 | AO13: =COUNTIFS(Carrier,AO$4,AREA,$B13,YEAR,AO$2,Metal,AO$3) -> 1 | AP13: =COUNTIFS(Carrier,AP$4,AREA,$B13,YEAR,AP$2,Metal,AP$3) -> 0 | AQ13: =COUNTIFS(Carrier,AQ$4,AREA,$B13,YEAR,AQ$2,Metal,AQ$3) -> 0 | AR13: =COUNTIFS(Carrier,AR$4,AREA,$B13,YEAR,AR$2,Metal,AR$3) -> 0 | AS13: =COUNTIF(AN13:AR13,">0") -> 1 | AT13: =COUNTIFS(Carrier,AT$4,AREA,$B13,YEAR,AT$2,Metal,AT$3) -> 0 | AU13: =COUNTIFS(Carrier,AU$4,AREA,$B13,YEAR,AU$2,Metal,AU$3) -> 6 | AV13: =COUNTIFS(Carrier,AV$4,AREA,$B13,YEAR,AV$2,Metal,AV$3) -> 0 | AW13: =COUNTIFS(Carrier,AW$4,AREA,$B13,YEAR,AW$2,Metal,AW$3) -> 2 | AX13: =COUNTIFS(Carrier,AX$4,AREA,$B13,YEAR,AX$2,Metal,AX$3) -> 0 | AY13: =COUNTIF(AT13:AX13,">0") -> 2 | AZ13: =COUNTIFS(Carrier,AZ$4,AREA,$B13,YEAR,AZ$2,Metal,AZ$3) -> 2 | BA13: =COUNTIFS(Carrier,BA$4,AREA,$B13,YEAR,BA$2,Metal,BA$3) -> 5 | BB13: =COUNTIFS(Carrier,BB$4,AREA,$B13,YEAR,BB$2,Metal,BB$3) -> 0 | BC13: =COUNTIFS(Carrier,BC$4,AREA,$B13,YEAR,BC$2,Metal,BC$3) -> 6 | BD13: =COUNTIFS(Carrier,BD$4,AREA,$B13,YEAR,BD$2,Metal,BD$3) -> 0 | BE13: =COUNTIF(AZ13:BD13,">0") -> 3 | BF13: =COUNTIFS(Carrier,BF$4,AREA,$B13,YEAR,BF$2,Metal,BF$3) -> 0 | BG13: =COUNTIFS(Carrier,BG$4,AREA,$B13,YEAR,BG$2,Metal,BG$3) -> 20 | BH13: =COUNTIFS(Carrier,BH$4,AREA,$B13,YEAR,BH$2,Metal,BH$3) -> 0 | BI13: =COUNTIFS(Carrier,BI$4,AREA,$B13,YEAR,BI$2,Metal,BI$3) -> 8 | BJ13: =COUNTIFS(Carrier,BJ$4,AREA,$B13,YEAR,BJ$2,Metal,BJ$3) -> 0 | BK13: =COUNTIF(BF13:BJ13,">0") -> 2 | BL13: =COUNTIFS(Carrier,BL$4,AREA,$B13,YEAR,BL$2,Metal,BL$3) -> 44 | BM13: =COUNTIFS(Carrier,BM$4,AREA,$B13,YEAR,BM$2,Metal,BM$3) -> 24 | BN13: =COUNTIFS(Carrier,BN$4,AREA,$B13,YEAR,BN$2,Metal,BN$3) -> 0 | BO13: =COUNTIFS(Carrier,BO$4,AREA,$B13,YEAR,BO$2,Metal,BO$3) -> 27 | BP13: =COUNTIFS(Carrier,BP$4,AREA,$B13,YEAR,BP$2,Metal,BP$3) -> 0 | BQ13: =COUNTIF(BL13:BP13,">0") -> 3 | BR13: =COUNTIFS(Carrier,BR$4,AREA,$B13,YEAR,BR$2,Metal,BR$3) -> 0 | BS13: =COUNTIFS(Carrier,BS$4,AREA,$B13,YEAR,BS$2,Metal,BS$3) -> 3 | BT13: =COUNTIFS(Carrier,BT$4,AREA,$B13,YEAR,BT$2,Metal,BT$3) -> 0 | BU13: =COUNTIFS(Carrier,BU$4,AREA,$B13,YEAR,BU$2,Metal,BU$3) -> 2 | BV13: =COUNTIFS(Carrier,BV$4,AREA,$B13,YEAR,BV$2,Metal,BV$3) -> 0 | BW13: =COUNTIF(BR13:BV13,">0") -> 2 | BX13: =COUNTIFS(Carrier,BX$4,AREA,$B13,YEAR,BX$2,Metal,BX$3) -> 1 | BY13: =COUNTIFS(Carrier,BY$4,AREA,$B13,YEAR,BY$2,Metal,BY$3) -> 1 | BZ13: =COUNTIFS(Carrier,BZ$4,AREA,$B13,YEAR,BZ$2,Metal,BZ$3) -> 0 | CA13: =COUNTIFS(Carrier,CA$4,AREA,$B13,YEAR,CA$2,Metal,CA$3) -> 6 | CB13: =COUNTIFS(Carrier,CB$4,AREA,$B13,YEAR,CB$2,Metal,CB$3) -> 0 | CC13: =COUNTIF(BX13:CB13,">0") -> 3 | CD13: =COUNTIFS(Carrier,CD$4,AREA,$B13,YEAR,CD$2,Metal,CD$3) -> 0 | CE13: =COUNTIFS(Carrier,CE$4,AREA,$B13,YEAR,CE$2,Metal,CE$3) -> 0 | CF13: =COUNTIFS(Carrier,CF$4,AREA,$B13,YEAR,CF$2,Metal,CF$3) -> 0 | CG13: =COUNTIFS(Carrier,CG$4,AREA,$B13,YEAR,CG$2,Metal,CG$3) -> 0 | CH13: =COUNTIFS(Carrier,CH$4,AREA,$B13,YEAR,CH$2,Metal,CH$3) -> 0 | CI13: =COUNTIF(CD13:CH13,">0") -> 0 | CJ13: =COUNTIFS(Carrier,CJ$4,AREA,$B13,YEAR,CJ$2,Metal,CJ$3) -> 0 | CK13: =COUNTIFS(Carrier,CK$4,AREA,$B13,YEAR,CK$2,Metal,CK$3) -> 0 | CL13: =COUNTIFS(Carrier,CL$4,AREA,$B13,YEAR,CL$2,Metal,CL$3) -> 0 | CM13: =COUNTIFS(Carrier,CM$4,AREA,$B13,YEAR,CM$2,Metal,CM$3) -> 6 | CN13: =COUNTIFS(Carrier,CN$4,AREA,$B13,YEAR,CN$2,Metal,CN$3) -> 0 | CO13: =COUNTIF(CJ13:CN13,">0") -> 1
B14: GA10 | C14: =CONCATENATE(D14,F14) -> GA10 | D14: GA | E14: Rating Area 10 | F14: 10 | G14: =ByCounty!I14 -> 12 | I14: =AM14 -> 3 | J14: =AY14 -> 4 | K14: =BK14 -> 4 | L14: =BW14 -> 4 | M14: =CI14 -> 1 | N14: =AA14 -> 4 | O14: =AS14 -> 1 | P14: =BE14 -> 2 | Q14: =BQ14 -> 2 | R14: =CC14 -> 2 | S14: =CO14 -> 1 | T14: =AG14 -> 2 | V14: =COUNTIFS(Carrier,V$4,AREA,$B14,YEAR,V$3) -> 0 | W14: =COUNTIFS(Carrier,W$4,AREA,$B14,YEAR,W$3) -> 30 | X14: =COUNTIFS(Carrier,X$4,AREA,$B14,YEAR,X$3) -> 18 | Y14: =COUNTIFS(Carrier,Y$4,AREA,$B14,YEAR,Y$3) -> 12 | Z14: =COUNTIFS(Carrier,Z$4,AREA,$B14,YEAR,Z$3) -> 17 | AA14: =COUNTIF(V14:Z14,">0") -> 4 | AB14: =COUNTIFS(Carrier,AB$4,AREA,$B14,YEAR,AB$3) -> 0 | AC14: =COUNTIFS(Carrier,AC$4,AREA,$B14,YEAR,AC$3) -> 31 | AD14: =COUNTIFS(Carrier,AD$4,AREA,$B14,YEAR,AD$3) -> 0 | AE14: =COUNTIFS(Carrier,AE$4,AREA,$B14,YEAR,AE$3) -> 180 | AF14: =COUNTIFS(Carrier,AF$4,AREA,$B14,YEAR,AF$3) -> 0 | AG14: =COUNTIF(AB14:AF14,">0") -> 2 | AH14: =COUNTIFS(Carrier,AH$4,AREA,$B14,YEAR,AH$2,Metal,AH$3) -> 0 | AI14: =COUNTIFS(Carrier,AI$4,AREA,$B14,YEAR,AI$2,Metal,AI$3) -> 1 | AJ14: =COUNTIFS(Carrier,AJ$4,AREA,$B14,YEAR,AJ$2,Metal,AJ$3) -> 1 | AK14: =COUNTIFS(Carrier,AK$4,AREA,$B14,YEAR,AK$2,Metal,AK$3) -> 0 | AL14: =COUNTIFS(Carrier,AL$4,AREA,$B14,YEAR,AL$2,Metal,AL$3) -> 2 | AM14: =COUNTIF(AH14:AL14,">0") -> 3 | AN14: =COUNTIFS(Carrier,AN$4,AREA,$B14,YEAR,AN$2,Metal,AN$3) -> 0 | AO14: =COUNTIFS(Carrier,AO$4,AREA,$B14,YEAR,AO$2,Metal,AO$3) -> 1 | AP14: =COUNTIFS(Carrier,AP$4,AREA,$B14,YEAR,AP$2,Metal,AP$3) -> 0 | AQ14: =COUNTIFS(Carrier,AQ$4,AREA,$B14,YEAR,AQ$2,Metal,AQ$3) -> 0 | AR14: =COUNTIFS(Carrier,AR$4,AREA,$B14,YEAR,AR$2,Metal,AR$3) -> 0 | AS14: =COUNTIF(AN14:AR14,">0") -> 1 | AT14: =COUNTIFS(Carrier,AT$4,AREA,$B14,YEAR,AT$2,Metal,AT$3) -> 0 | AU14: =COUNTIFS(Carrier,AU$4,AREA,$B14,YEAR,AU$2,Metal,AU$3) -> 6 | AV14: =COUNTIFS(Carrier,AV$4,AREA,$B14,YEAR,AV$2,Metal,AV$3) -> 3 | AW14: =COUNTIFS(Carrier,AW$4,AREA,$B14,YEAR,AW$2,Metal,AW$3) -> 2 | AX14: =COUNTIFS(Carrier,AX$4,AREA,$B14,YEAR,AX$2,Metal,AX$3) -> 3 | AY14: =COUNTIF(AT14:AX14,">0") -> 4 | AZ14: =COUNTIFS(Carrier,AZ$4,AREA,$B14,YEAR,AZ$2,Metal,AZ$3) -> 0 | BA14: =COUNTIFS(Carrier,BA$4,AREA,$B14,YEAR,BA$2,Metal,BA$3) -> 5 | BB14: =COUNTIFS(Carrier,BB$4,AREA,$B14,YEAR,BB$2,Metal,BB$3) -> 0 | BC14: =COUNTIFS(Carrier,BC$4,AREA,$B14,YEAR,BC$2,Metal,BC$3) -> 24 | BD14: =COUNTIFS(Carrier,BD$4,AREA,$B14,YEAR,BD$2,Metal,BD$3) -> 0 | BE14: =COUNTIF(AZ14:BD14,">0") -> 2 | BF14: =COUNTIFS(Carrier,BF$4,AREA,$B14,YEAR,BF$2,Metal,BF$3) -> 0 | BG14: =COUNTIFS(Carrier,BG$4,AREA,$B14,YEAR,BG$2,Metal,BG$3) -> 20 | BH14: =COUNTIFS(Carrier,BH$4,AREA,$B14,YEAR,BH$2,Metal,BH$3) -> 12 | BI14: =COUNTIFS(Carrier,BI$4,AREA,$B14,YEAR,BI$2,Metal,BI$3) -> 8 | BJ14: =COUNTIFS(Carrier,BJ$4,AREA,$B14,YEAR,BJ$2,Metal,BJ$3) -> 8 | BK14: =COUNTIF(BF14:BJ14,">0") -> 4 | BL14: =COUNTIFS(Carrier,BL$4,AREA,$B14,YEAR,BL$2,Metal,BL$3) -> 0 | BM14: =COUNTIFS(Carrier,BM$4,AREA,$B14,YEAR,BM$2,Metal,BM$3) -> 24 | BN14: =COUNTIFS(Carrier,BN$4,AREA,$B14,YEAR,BN$2,Metal,BN$3) -> 0 | BO14: =COUNTIFS(Carrier,BO$4,AREA,$B14,YEAR,BO$2,Metal,BO$3) -> 108 | BP14: =COUNTIFS(Carrier,BP$4,AREA,$B14,YEAR,BP$2,Metal,BP$3) -> 0 | BQ14: =COUNTIF(BL14:BP14,">0") -> 2 | BR14: =COUNTIFS(Carrier,BR$4,AREA,$B14,YEAR,BR$2,Metal,BR$3) -> 0 | BS14: =COUNTIFS(Carrier,BS$4,AREA,$B14,YEAR,BS$2,Metal,BS$3) -> 3 | BT14: =COUNTIFS(Carrier,BT$4,AREA,$B14,YEAR,BT$2,Metal,BT$3) -> 2 | BU14: =COUNTIFS(Carrier,BU$4,AREA,$B14,YEAR,BU$2,Metal,BU$3) -> 2 | BV14: =COUNTIFS(Carrier,BV$4,AREA,$B14,YEAR,BV$2,Metal,BV$3) -> 2 | BW14: =COUNTIF(BR14:BV14,">0") -> 4 | BX14: =COUNTIFS(Carrier,BX$4,AREA,$B14,YEAR,BX$2,Metal,BX$3) -> 0 | BY14: =COUNTIFS(Carrier,BY$4,AREA,$B14,YEAR,BY$2,Metal,BY$3) -> 1 | BZ14: =COUNTIFS(Carrier,BZ$4,AREA,$B14,YEAR,BZ$2,Metal,BZ$3) -> 0 | CA14: =COUNTIFS(Carrier,CA$4,AREA,$B14,YEAR,CA$2,Metal,CA$3) -> 24 | CB14: =COUNTIFS(Carrier,CB$4,AREA,$B14,YEAR,CB$2,Metal,CB$3) -> 0 | CC14: =COUNTIF(BX14:CB14,">0") -> 2 | CD14: =COUNTIFS(Carrier,CD$4,AREA,$B14,YEAR,CD$2,Metal,CD$3) -> 0 | CE14: =COUNTIFS(Carrier,CE$4,AREA,$B14,YEAR,CE$2,Metal,CE$3) -> 0 | CF14: =COUNTIFS(Carrier,CF$4,AREA,$B14,YEAR,CF$2,Metal,CF$3) -> 0 | CG14: =COUNTIFS(Carrier,CG$4,AREA,$B14,YEAR,CG$2,Metal,CG$3) -> 0 | CH14: =COUNTIFS(Carrier,CH$4,AREA,$B14,YEAR,CH$2,Metal,CH$3) -> 2 | CI14: =COUNTIF(CD14:CH14,">0") -> 1 | CJ14: =COUNTIFS(Carrier,CJ$4,AREA,$B14,YEAR,CJ$2,Metal,CJ$3) -> 0 | CK14: =COUNTIFS(Carrier,CK$4,AREA,$B14,YEAR,CK$2,Metal,CK$3) -> 0 | CL14: =COUNTIFS(Carrier,CL$4,AREA,$B14,YEAR,CL$2,Metal,CL$3) -> 0 | CM14: =COUNTIFS(Carrier,CM$4,AREA,$B14,YEAR,CM$2,Metal,CM$3) -> 24 | CN14: =COUNTIFS(Carrier,CN$4,AREA,$B14,YEAR,CN$2,Metal,CN$3) -> 0 | CO14: =COUNTIF(CJ14:CN14,">0") -> 1
B15: GA11 | C15: =CONCATENATE(D15,F15) -> GA11 | D15: GA | E15: Rating Area 11 | F15: 11 | G15: =ByCounty!I15 -> 10 | I15: =AM15 -> 2 | J15: =AY15 -> 2 | K15: =BK15 -> 2 | L15: =BW15 -> 2 | M15: =CI15 -> 1 | N15: =AA15 -> 2 | O15: =AS15 -> 1 | P15: =BE15 -> 2 | Q15: =BQ15 -> 2 | R15: =CC15 -> 2 | S15: =CO15 -> 0 | T15: =AG15 -> 2 | V15: =COUNTIFS(Carrier,V$4,AREA,$B15,YEAR,V$3) -> 0 | W15: =COUNTIFS(Carrier,W$4,AREA,$B15,YEAR,W$3) -> 30 | X15: =COUNTIFS(Carrier,X$4,AREA,$B15,YEAR,X$3) -> 0 | Y15: =COUNTIFS(Carrier,Y$4,AREA,$B15,YEAR,Y$3) -> 0 | Z15: =COUNTIFS(Carrier,Z$4,AREA,$B15,YEAR,Z$3) -> 8 | AA15: =COUNTIF(V15:Z15,">0") -> 2 | AB15: =COUNTIFS(Carrier,AB$4,AREA,$B15,YEAR,AB$3) -> 47 | AC15: =COUNTIFS(Carrier,AC$4,AREA,$B15,YEAR,AC$3) -> 15 | AD15: =COUNTIFS(Carrier,AD$4,AREA,$B15,YEAR,AD$3) -> 0 | AE15: =COUNTIFS(Carrier,AE$4,AREA,$B15,YEAR,AE$3) -> 0 | AF15: =COUNTIFS(Carrier,AF$4,AREA,$B15,YEAR,AF$3) -> 0 | AG15: =COUNTIF(AB15:AF15,">0") -> 2 | AH15: =COUNTIFS(Carrier,AH$4,AREA,$B15,YEAR,AH$2,Metal,AH$3) -> 0 | AI15: =COUNTIFS(Carrier,AI$4,AREA,$B15,YEAR,AI$2,Metal,AI$3) -> 1 | AJ15: =COUNTIFS(Carrier,AJ$4,AREA,$B15,YEAR,AJ$2,Metal,AJ$3) -> 0 | AK15: =COUNTIFS(Carrier,AK$4,AREA,$B15,YEAR,AK$2,Metal,AK$3) -> 0 | AL15: =COUNTIFS(Carrier,AL$4,AREA,$B15,YEAR,AL$2,Metal,AL$3) -> 1 | AM15: =COUNTIF(AH15:AL15,">0") -> 2 | AN15: =COUNTIFS(Carrier,AN$4,AREA,$B15,YEAR,AN$2,Metal,AN$3) -> 0 | AO15: =COUNTIFS(Carrier,AO$4,AREA,$B15,YEAR,AO$2,Metal,AO$3) -> 1 | AP15: =COUNTIFS(Carrier,AP$4,AREA,$B15,YEAR,AP$2,Metal,AP$3) -> 0 | AQ15: =COUNTIFS(Carrier,AQ$4,AREA,$B15,YEAR,AQ$2,Metal,AQ$3) -> 0 | AR15: =COUNTIFS(Carrier,AR$4,AREA,$B15,YEAR,AR$2,Metal,AR$3) -> 0 | AS15: =COUNTIF(AN15:AR15,">0") -> 1 | AT15: =COUNTIFS(Carrier,AT$4,AREA,$B15,YEAR,AT$2,Metal,AT$3) -> 0 | AU15: =COUNTIFS(Carrier,AU$4,AREA,$B15,YEAR,AU$2,Metal,AU$3) -> 6 | AV15: =COUNTIFS(Carrier,AV$4,AREA,$B15,YEAR,AV$2,Metal,AV$3) -> 0 | AW15: =COUNTIFS(Carrier,AW$4,AREA,$B15,YEAR,AW$2,Metal,AW$3) -> 0 | AX15: =COUNTIFS(Carrier,AX$4,AREA,$B15,YEAR,AX$2,Metal,AX$3) -> 1 | AY15: =COUNTIF(AT15:AX15,">0") -> 2 | AZ15: =COUNTIFS(Carrier,AZ$4,AREA,$B15,YEAR,AZ$2,Metal,AZ$3) -> 2 | BA15: =COUNTIFS(Carrier,BA$4,AREA,$B15,YEAR,BA$2,Metal,BA$3) -> 5 | BB15: =COUNTIFS(Carrier,BB$4,AREA,$B15,YEAR,BB$2,Metal,BB$3) -> 0 | BC15: =COUNTIFS(Carrier,BC$4,AREA,$B15,YEAR,BC$2,Metal,BC$3) -> 0 | BD15: =COUNTIFS(Carrier,BD$4,AREA,$B15,YEAR,BD$2,Metal,BD$3) -> 0 | BE15: =COUNTIF(AZ15:BD15,">0") -> 2 | BF15: =COUNTIFS(Carrier,BF$4,AREA,$B15,YEAR,BF$2,Metal,BF$3) -> 0 | BG15: =COUNTIFS(Carrier,BG$4,AREA,$B15,YEAR,BG$2,Metal,BG$3) -> 20 | BH15: =COUNTIFS(Carrier,BH$4,AREA,$B15,YEAR,BH$2,Metal,BH$3) -> 0 | BI15: =COUNTIFS(Carrier,BI$4,AREA,$B15,YEAR,BI$2,Metal,BI$3) -> 0 | BJ15: =COUNTIFS(Carrier,BJ$4,AREA,$B15,YEAR,BJ$2,Metal,BJ$3) -> 4 | BK15: =COUNTIF(BF15:BJ15,">0") -> 2 | BL15: =COUNTIFS(Carrier,BL$4,AREA,$B15,YEAR,BL$2,Metal,BL$3) -> 44 | BM15: =COUNTIFS(Carrier,BM$4,AREA,$B15,YEAR,BM$2,Metal,BM$3) -> 8 | BN15: =COUNTIFS(Carrier,BN$4,AREA,$B15,YEAR,BN$2,Metal,BN$3) -> 0 | BO15: =COUNTIFS(Carrier,BO$4,AREA,$B15,YEAR,BO$2,Metal,BO$3) -> 0 | BP15: =COUNTIFS(Carrier,BP$4,AREA,$B15,YEAR,BP$2,Metal,BP$3) -> 0 | BQ15: =COUNTIF(BL15:BP15,">0") -> 2 | BR15: =COUNTIFS(Carrier,BR$4,AREA,$B15,YEAR,BR$2,Metal,BR$3) -> 0 | BS15: =COUNTIFS(Carrier,BS$4,AREA,$B15,YEAR,BS$2,Metal,BS$3) -> 3 | BT15: =COUNTIFS(Carrier,BT$4,AREA,$B15,YEAR,BT$2,Metal,BT$3) -> 0 | BU15: =COUNTIFS(Carrier,BU$4,AREA,$B15,YEAR,BU$2,Metal,BU$3) -> 0 | BV15: =COUNTIFS(Carrier,BV$4,AREA,$B15,YEAR,BV$2,Metal,BV$3) -> 1 | BW15: =COUNTIF(BR15:BV15,">0") -> 2 | BX15: =COUNTIFS(Carrier,BX$4,AREA,$B15,YEAR,BX$2,Metal,BX$3) -> 1 | BY15: =COUNTIFS(Carrier,BY$4,AREA,$B15,YEAR,BY$2,Metal,BY$3) -> 1 | BZ15: =COUNTIFS(Carrier,BZ$4,AREA,$B15,YEAR,BZ$2,Metal,BZ$3) -> 0 | CA15: =COUNTIFS(Carrier,CA$4,AREA,$B15,YEAR,CA$2,Metal,CA$3) -> 0 | CB15: =COUNTIFS(Carrier,CB$4,AREA,$B15,YEAR,CB$2,Metal,CB$3) -> 0 | CC15: =COUNTIF(BX15:CB15,">0") -> 2 | CD15: =COUNTIFS(Carrier,CD$4,AREA,$B15,YEAR,CD$2,Metal,CD$3) -> 0 | CE15: =COUNTIFS(Carrier,CE$4,AREA,$B15,YEAR,CE$2,Metal,CE$3) -> 0 | CF15: =COUNTIFS(Carrier,CF$4,AREA,$B15,YEAR,CF$2,Metal,CF$3) -> 0 | CG15: =COUNTIFS(Carrier,CG$4,AREA,$B15,YEAR,CG$2,Metal,CG$3) -> 0 | CH15: =COUNTIFS(Carrier,CH$4,AREA,$B15,YEAR,CH$2,Metal,CH$3) -> 1 | CI15: =COUNTIF(CD15:CH15,">0") -> 1 | CJ15: =COUNTIFS(Carrier,CJ$4,AREA,$B15,YEAR,CJ$2,Metal,CJ$3) -> 0 | CK15: =COUNTIFS(Carrier,CK$4,AREA,$B15,YEAR,CK$2,Metal,CK$3) -> 0 | CL15: =COUNTIFS(Carrier,CL$4,AREA,$B15,YEAR,CL$2,Metal,CL$3) -> 0 | CM15: =COUNTIFS(Carrier,CM$4,AREA,$B15,YEAR,CM$2,Metal,CM$3) -> 0 | CN15: =COUNTIFS(Carrier,CN$4,AREA,$B15,YEAR,CN$2,Metal,CN$3) -> 0 | CO15: =COUNTIF(CJ15:CN15,">0") -> 0
B16: GA12 | C16: =CONCATENATE(D16,F16) -> GA12 | D16: GA | E16: Rating Area 12 | F16: 12 | G16: =ByCounty!I16 -> 13 | I16: =AM16 -> 2 | J16: =AY16 -> 2 | K16: =BK16 -> 2 | L16: =BW16 -> 2 | M16: =CI16 -> 1 | N16: =AA16 -> 2 | O16: =AS16 -> 1 | P16: =BE16 -> 2 | Q16: =BQ16 -> 2 | R16: =CC16 -> 2 | S16: =CO16 -> 0 | T16: =AG16 -> 2 | V16: =COUNTIFS(Carrier,V$4,AREA,$B16,YEAR,V$3) -> 0 | W16: =COUNTIFS(Carrier,W$4,AREA,$B16,YEAR,W$3) -> 30 | X16: =COUNTIFS(Carrier,X$4,AREA,$B16,YEAR,X$3) -> 0 | Y16: =COUNTIFS(Carrier,Y$4,AREA,$B16,YEAR,Y$3) -> 0 | Z16: =COUNTIFS(Carrier,Z$4,AREA,$B16,YEAR,Z$3) -> 8 | AA16: =COUNTIF(V16:Z16,">0") -> 2 | AB16: =COUNTIFS(Carrier,AB$4,AREA,$B16,YEAR,AB$3) -> 47 | AC16: =COUNTIFS(Carrier,AC$4,AREA,$B16,YEAR,AC$3) -> 15 | AD16: =COUNTIFS(Carrier,AD$4,AREA,$B16,YEAR,AD$3) -> 0 | AE16: =COUNTIFS(Carrier,AE$4,AREA,$B16,YEAR,AE$3) -> 0 | AF16: =COUNTIFS(Carrier,AF$4,AREA,$B16,YEAR,AF$3) -> 0 | AG16: =COUNTIF(AB16:AF16,">0") -> 2 | AH16: =COUNTIFS(Carrier,AH$4,AREA,$B16,YEAR,AH$2,Metal,AH$3) -> 0 | AI16: =COUNTIFS(Carrier,AI$4,AREA,$B16,YEAR,AI$2,Metal,AI$3) -> 1 | AJ16: =COUNTIFS(Carrier,AJ$4,AREA,$B16,YEAR,AJ$2,Metal,AJ$3) -> 0 | AK16: =COUNTIFS(Carrier,AK$4,AREA,$B16,YEAR,AK$2,Metal,AK$3) -> 0 | AL16: =COUNTIFS(Carrier,AL$4,AREA,$B16,YEAR,AL$2,Metal,AL$3) -> 1 | AM16: =COUNTIF(AH16:AL16,">0") -> 2 | AN16: =COUNTIFS(Carrier,AN$4,AREA,$B16,YEAR,AN$2,Metal,AN$3) -> 0 | AO16: =COUNTIFS(Carrier,AO$4,AREA,$B16,YEAR,AO$2,Metal,AO$3) -> 1 | AP16: =COUNTIFS(Carrier,AP$4,AREA,$B16,YEAR,AP$2,Metal,AP$3) -> 0 | AQ16: =COUNTIFS(Carrier,AQ$4,AREA,$B16,YEAR,AQ$2,Metal,AQ$3) -> 0 | AR16: =COUNTIFS(Carrier,AR$4,AREA,$B16,YEAR,AR$2,Metal,AR$3) -> 0 | AS16: =COUNTIF(AN16:AR16,">0") -> 1 | AT16: =COUNTIFS(Carrier,AT$4,AREA,$B16,YEAR,AT$2,Metal,AT$3) -> 0 | AU16: =COUNTIFS(Carrier,AU$4,AREA,$B16,YEAR,AU$2,Metal,AU$3) -> 6 | AV16: =COUNTIFS(Carrier,AV$4,AREA,$B16,YEAR,AV$2,Metal,AV$3) -> 0 | AW16: =COUNTIFS(Carrier,AW$4,AREA,$B16,YEAR,AW$2,Metal,AW$3) -> 0 | AX16: =COUNTIFS(Carrier,AX$4,AREA,$B16,YEAR,AX$2,Metal,AX$3) -> 1 | AY16: =COUNTIF(AT16:AX16,">0") -> 2 | AZ16: =COUNTIFS(Carrier,AZ$4,AREA,$B16,YEAR,AZ$2,Metal,AZ$3) -> 2 | BA16: =COUNTIFS(Carrier,BA$4,AREA,$B16,YEAR,BA$2,Metal,BA$3) -> 5 | BB16: =COUNTIFS(Carrier,BB$4,AREA,$B16,YEAR,BB$2,Metal,BB$3) -> 0 | BC16: =COUNTIFS(Carrier,BC$4,AREA,$B16,YEAR,BC$2,Metal,BC$3) -> 0 | BD16: =COUNTIFS(Carrier,BD$4,AREA,$B16,YEAR,BD$2,Metal,BD$3) -> 0 | BE16: =COUNTIF(AZ16:BD16,">0") -> 2 | BF16: =COUNTIFS(Carrier,BF$4,AREA,$B16,YEAR,BF$2,Metal,BF$3) -> 0 | BG16: =COUNTIFS(Carrier,BG$4,AREA,$B16,YEAR,BG$2,Metal,BG$3) -> 20 | BH16: =COUNTIFS(Carrier,BH$4,AREA,$B16,YEAR,BH$2,Metal,BH$3) -> 0 | BI16: =COUNTIFS(Carrier,BI$4,AREA,$B16,YEAR,BI$2,Metal,BI$3) -> 0 | BJ16: =COUNTIFS(Carrier,BJ$4,AREA,$B16,YEAR,BJ$2,Metal,BJ$3) -> 4 | BK16: =COUNTIF(BF16:BJ16,">0") -> 2 | BL16: =COUNTIFS(Carrier,BL$4,AREA,$B16,YEAR,BL$2,Metal,BL$3) -> 44 | BM16: =COUNTIFS(Carrier,BM$4,AREA,$B16,YEAR,BM$2,Metal,BM$3) -> 8 | BN16: =COUNTIFS(Carrier,BN$4,AREA,$B16,YEAR,BN$2,Metal,BN$3) -> 0 | BO16: =COUNTIFS(Carrier,BO$4,AREA,$B16,YEAR,BO$2,Metal,BO$3) -> 0 | BP16: =COUNTIFS(Carrier,BP$4,AREA,$B16,YEAR,BP$2,Metal,BP$3) -> 0 | BQ16: =COUNTIF(BL16:BP16,">0") -> 2 | BR16: =COUNTIFS(Carrier,BR$4,AREA,$B16,YEAR,BR$2,Metal,BR$3) -> 0 | BS16: =COUNTIFS(Carrier,BS$4,AREA,$B16,YEAR,BS$2,Metal,BS$3) -> 3 | BT16: =COUNTIFS(Carrier,BT$4,AREA,$B16,YEAR,BT$2,Metal,BT$3) -> 0 | BU16: =COUNTIFS(Carrier,BU$4,AREA,$B16,YEAR,BU$2,Metal,BU$3) -> 0 | BV16: =COUNTIFS(Carrier,BV$4,AREA,$B16,YEAR,BV$2,Metal,BV$3) -> 1 | BW16: =COUNTIF(BR16:BV16,">0") -> 2 | BX16: =COUNTIFS(Carrier,BX$4,AREA,$B16,YEAR,BX$2,Metal,BX$3) -> 1 | BY16: =COUNTIFS(Carrier,BY$4,AREA,$B16,YEAR,BY$2,Metal,BY$3) -> 1 | BZ16: =COUNTIFS(Carrier,BZ$4,AREA,$B16,YEAR,BZ$2,Metal,BZ$3) -> 0 | CA16: =COUNTIFS(Carrier,CA$4,AREA,$B16,YEAR,CA$2,Metal,CA$3) -> 0 | CB16: =COUNTIFS(Carrier,CB$4,AREA,$B16,YEAR,CB$2,Metal,CB$3) -> 0 | CC16: =COUNTIF(BX16:CB16,">0") -> 2 | CD16: =COUNTIFS(Carrier,CD$4,AREA,$B16,YEAR,CD$2,Metal,CD$3) -> 0 | CE16: =COUNTIFS(Carrier,CE$4,AREA,$B16,YEAR,CE$2,Metal,CE$3) -> 0 | CF16: =COUNTIFS(Carrier,CF$4,AREA,$B16,YEAR,CF$2,Metal,CF$3) -> 0 | CG16: =COUNTIFS(Carrier,CG$4,AREA,$B16,YEAR,CG$2,Metal,CG$3) -> 0 | CH16: =COUNTIFS(Carrier,CH$4,AREA,$B16,YEAR,CH$2,Metal,CH$3) -> 1 | CI16: =COUNTIF(CD16:CH16,">0") -> 1 | CJ16: =COUNTIFS(Carrier,CJ$4,AREA,$B16,YEAR,CJ$2,Metal,CJ$3) -> 0 | CK16: =COUNTIFS(Carrier,CK$4,AREA,$B16,YEAR,CK$2,Metal,CK$3) -> 0 | CL16: =COUNTIFS(Carrier,CL$4,AREA,$B16,YEAR,CL$2,Metal,CL$3) -> 0 | CM16: =COUNTIFS(Carrier,CM$4,AREA,$B16,YEAR,CM$2,Metal,CM$3) -> 0 | CN16: =COUNTIFS(Carrier,CN$4,AREA,$B16,YEAR,CN$2,Metal,CN$3) -> 0 | CO16: =COUNTIF(CJ16:CN16,">0") -> 0
... B20: GA16 | C20: =CONCATENATE(D20,F20) -> GA16 | D20: GA | E20: Rating Area 16 | F20: 16 | G20: =ByCounty!I20 -> 4 | I20: =AM20 -> 2 | J20: =AY20 -> 2 | K20: =BK20 -> 2 | L20: =BW20 -> 2 | M20: =CI20 -> 1 | N20: =AA20 -> 2 | O20: =AS20 -> 1 | P20: =BE20 -> 1 | Q20: =BQ20 -> 1 | R20: =CC20 -> 1 | S20: =CO20 -> 0 | T20: =AG20 -> 1 | V20: =COUNTIFS(Carrier,V$4,AREA,$B20,YEAR,V$3) -> 0 | W20: =COUNTIFS(Carrier,W$4,AREA,$B20,YEAR,W$3) -> 30 | X20: =COUNTIFS(Carrier,X$4,AREA,$B20,YEAR,X$3) -> 0 | Y20: =COUNTIFS(Carrier,Y$4,AREA,$B20,YEAR,Y$3) -> 0 | Z20: =COUNTIFS(Carrier,Z$4,AREA,$B20,YEAR,Z$3) -> 8 | AA20: =COUNTIF(V20:Z20,">0") -> 2 | AB20: =COUNTIFS(Carrier,AB$4,AREA,$B20,YEAR,AB$3) -> 0 | AC20: =COUNTIFS(Carrier,AC$4,AREA,$B20,YEAR,AC$3) -> 15 | AD20: =COUNTIFS(Carrier,AD$4,AREA,$B20,YEAR,AD$3) -> 0 | AE20: =COUNTIFS(Carrier,AE$4,AREA,$B20,YEAR,AE$3) -> 0 | AF20: =COUNTIFS(Carrier,AF$4,AREA,$B20,YEAR,AF$3) -> 0 | AG20: =COUNTIF(AB20:AF20,">0") -> 1 | AH20: =COUNTIFS(Carrier,AH$4,AREA,$B20,YEAR,AH$2,Metal,AH$3) -> 0 | AI20: =COUNTIFS(Carrier,AI$4,AREA,$B20,YEAR,AI$2,Metal,AI$3) -> 1 | AJ20: =COUNTIFS(Carrier,AJ$4,AREA,$B20,YEAR,AJ$2,Metal,AJ$3) -> 0 | AK20: =COUNTIFS(Carrier,AK$4,AREA,$B20,YEAR,AK$2,Metal,AK$3) -> 0 | AL20: =COUNTIFS(Carrier,AL$4,AREA,$B20,YEAR,AL$2,Metal,AL$3) -> 1 | AM20: =COUNTIF(AH20:AL20,">0") -> 2 | AN20: =COUNTIFS(Carrier,AN$4,AREA,$B20,YEAR,AN$2,Metal,AN$3) -> 0 | AO20: =COUNTIFS(Carrier,AO$4,AREA,$B20,YEAR,AO$2,Metal,AO$3) -> 1 | AP20: =COUNTIFS(Carrier,AP$4,AREA,$B20,YEAR,AP$2,Metal,AP$3) -> 0 | AQ20: =COUNTIFS(Carrier,AQ$4,AREA,$B20,YEAR,AQ$2,Metal,AQ$3) -> 0 | AR20: =COUNTIFS(Carrier,AR$4,AREA,$B20,YEAR,AR$2,Metal,AR$3) -> 0 | AS20: =COUNTIF(AN20:AR20,">0") -> 1 | AT20: =COUNTIFS(Carrier,AT$4,AREA,$B20,YEAR,AT$2,Metal,AT$3) -> 0 | AU20: =COUNTIFS(Carrier,AU$4,AREA,$B20,YEAR,AU$2,Metal,AU$3) -> 6 | AV20: =COUNTIFS(Carrier,AV$4,AREA,$B20,YEAR,AV$2,Metal,AV$3) -> 0 | AW20: =COUNTIFS(Carrier,AW$4,AREA,$B20,YEAR,AW$2,Metal,AW$3) -> 0 | AX20: =COUNTIFS(Carrier,AX$4,AREA,$B20,YEAR,AX$2,Metal,AX$3) -> 1 | AY20: =COUNTIF(AT20:AX20,">0") -> 2 | AZ20: =COUNTIFS(Carrier,AZ$4,AREA,$B20,YEAR,AZ$2,Metal,AZ$3) -> 0 | BA20: =COUNTIFS(Carrier,BA$4,AREA,$B20,YEAR,BA$2,Metal,BA$3) -> 5 | BB20: =COUNTIFS(Carrier,BB$4,AREA,$B20,YEAR,BB$2,Metal,BB$3) -> 0 | BC20: =COUNTIFS(Carrier,BC$4,AREA,$B20,YEAR,BC$2,Metal,BC$3) -> 0 | BD20: =COUNTIFS(Carrier,BD$4,AREA,$B20,YEAR,BD$2,Metal,BD$3) -> 0 | BE20: =COUNTIF(AZ20:BD20,">0") -> 1 | BF20: =COUNTIFS(Carrier,BF$4,AREA,$B20,YEAR,BF$2,Metal,BF$3) -> 0 | BG20: =COUNTIFS(Carrier,BG$4,AREA,$B20,YEAR,BG$2,Metal,BG$3) -> 20 | BH20: =COUNTIFS(Carrier,BH$4,AREA,$B20,YEAR,BH$2,Metal,BH$3) -> 0 | BI20: =COUNTIFS(Carrier,BI$4,AREA,$B20,YEAR,BI$2,Metal,BI$3) -> 0 | BJ20: =COUNTIFS(Carrier,BJ$4,AREA,$B20,YEAR,BJ$2,Metal,BJ$3) -> 4 | BK20: =COUNTIF(BF20:BJ20,">0") -> 2 | BL20: =COUNTIFS(Carrier,BL$4,AREA,$B20,YEAR,BL$2,Metal,BL$3) -> 0 | BM20: =COUNTIFS(Carrier,BM$4,AREA,$B20,YEAR,BM$2,Metal,BM$3) -> 8 | BN20: =COUNTIFS(Carrier,BN$4,AREA,$B20,YEAR,BN$2,Metal,BN$3) -> 0 | BO20: =COUNTIFS(Carrier,BO$4,AREA,$B20,YEAR,BO$2,Metal,BO$3) -> 0 | BP20: =COUNTIFS(Carrier,BP$4,AREA,$B20,YEAR,BP$2,Metal,BP$3) -> 0 | BQ20: =COUNTIF(BL20:BP20,">0") -> 1 | BR20: =COUNTIFS(Carrier,BR$4,AREA,$B20,YEAR,BR$2,Metal,BR$3) -> 0 | BS20: =COUNTIFS(Carrier,BS$4,AREA,$B20,YEAR,BS$2,Metal,BS$3) -> 3 | BT20: =COUNTIFS(Carrier,BT$4,AREA,$B20,YEAR,BT$2,Metal,BT$3) -> 0 | BU20: =COUNTIFS(Carrier,BU$4,AREA,$B20,YEAR,BU$2,Metal,BU$3) -> 0 | BV20: =COUNTIFS(Carrier,BV$4,AREA,$B20,YEAR,BV$2,Metal,BV$3) -> 1 | BW20: =COUNTIF(BR20:BV20,">0") -> 2 | BX20: =COUNTIFS(Carrier,BX$4,AREA,$B20,YEAR,BX$2,Metal,BX$3) -> 0 | BY20: =COUNTIFS(Carrier,BY$4,AREA,$B20,YEAR,BY$2,Metal,BY$3) -> 1 | BZ20: =COUNTIFS(Carrier,BZ$4,AREA,$B20,YEAR,BZ$2,Metal,BZ$3) -> 0 | CA20: =COUNTIFS(Carrier,CA$4,AREA,$B20,YEAR,CA$2,Metal,CA$3) -> 0 | CB20: =COUNTIFS(Carrier,CB$4,AREA,$B20,YEAR,CB$2,Metal,CB$3) -> 0 | CC20: =COUNTIF(BX20:CB20,">0") -> 1 | CD20: =COUNTIFS(Carrier,CD$4,AREA,$B20,YEAR,CD$2,Metal,CD$3) -> 0 | CE20: =COUNTIFS(Carrier,CE$4,AREA,$B20,YEAR,CE$2,Metal,CE$3) -> 0 | CF20: =COUNTIFS(Carrier,CF$4,AREA,$B20,YEAR,CF$2,Metal,CF$3) -> 0 | CG20: =COUNTIFS(Carrier,CG$4,AREA,$B20,YEAR,CG$2,Metal,CG$3) -> 0 | CH20: =COUNTIFS(Carrier,CH$4,AREA,$B20,YEAR,CH$2,Metal,CH$3) -> 1 | CI20: =COUNTIF(CD20:CH20,">0") -> 1 | CJ20: =COUNTIFS(Carrier,CJ$4,AREA,$B20,YEAR,CJ$2,Metal,CJ$3) -> 0 | CK20: =COUNTIFS(Carrier,CK$4,AREA,$B20,YEAR,CK$2,Metal,CK$3) -> 0 | CL20: =COUNTIFS(Carrier,CL$4,AREA,$B20,YEAR,CL$2,Metal,CL$3) -> 0 | CM20: =COUNTIFS(Carrier,CM$4,AREA,$B20,YEAR,CM$2,Metal,CM$3) -> 0 | CN20: =COUNTIFS(Carrier,CN$4,AREA,$B20,YEAR,CN$2,Metal,CN$3) -> 0 | CO20: =COUNTIF(CJ20:CN20,">0") -> 0
E21: Total | G21: =SUM(G5:G20) -> 159 | I21: =AM21 -> 3 | J21: =AY21 -> 5 | K21: =BK21 -> 5 | L21: =BW21 -> 5 | M21: =CI21 -> 1 | N21: =AA21 -> 5 | O21: =AS21 -> 2 | P21: =BE21 -> 4 | Q21: =BQ21 -> 4 | R21: =CC21 -> 4 | S21: =CO21 -> 1 | T21: =AG21 -> 4 | V21: =COUNTIFS(Carrier,V$4,YEAR,V$3) -> 189 | W21: =COUNTIFS(Carrier,W$4,YEAR,W$3) -> 480 | X21: =COUNTIFS(Carrier,X$4,YEAR,X$3) -> 108 | Y21: =COUNTIFS(Carrier,Y$4,YEAR,Y$3) -> 84 | Z21: =COUNTIFS(Carrier,Z$4,YEAR,Z$3) -> 132 | AA21: =COUNTIF(V21:Z21,">0") -> 5 | AB21: =COUNTIFS(Carrier,AB$4,YEAR,AB$3) -> 564 | AC21: =COUNTIFS(Carrier,AC$4,YEAR,AC$3) -> 309 | AD21: =COUNTIFS(Carrier,AD$4,YEAR,AD$3) -> 50 | AE21: =COUNTIFS(Carrier,AE$4,YEAR,AE$3) -> 315 | AF21: =COUNTIFS(Carrier,AF$4,YEAR,AF$3) -> 0 | AG21: =COUNTIF(AB21:AF21,">0") -> 4 | AH21: =COUNTIFS(Carrier,AH$4,YEAR,AH$2,Metal,AH$3) -> 0 | AI21: =COUNTIFS(Carrier,AI$4,YEAR,AI$2,Metal,AI$3) -> 16 | AJ21: =COUNTIFS(Carrier,AJ$4,YEAR,AJ$2,Metal,AJ$3) -> 6 | AK21: =COUNTIFS(Carrier,AK$4,YEAR,AK$2,Metal,AK$3) -> 0 | AL21: =COUNTIFS(Carrier,AL$4,YEAR,AL$2,Metal,AL$3) -> 16 | AM21: =COUNTIF(AH21:AL21,">0") -> 3 | AN21: =COUNTIFS(Carrier,AN$4,YEAR,AN$2,Metal,AN$3) -> 0 | AO21: =COUNTIFS(Carrier,AO$4,YEAR,AO$2,Metal,AO$3) -> 15 | AP21: =COUNTIFS(Carrier,AP$4,YEAR,AP$2,Metal,AP$3) -> 4 | AQ21: =COUNTIFS(Carrier,AQ$4,YEAR,AQ$2,Metal,AQ$3) -> 0 | AR21: =COUNTIFS(Carrier,AR$4,YEAR,AR$2,Metal,AR$3) -> 0 | AS21: =COUNTIF(AN21:AR21,">0") -> 2 | AT21: =COUNTIFS(Carrier,AT$4,YEAR,AT$2,Metal,AT$3) -> 27 | AU21: =COUNTIFS(Carrier,AU$4,YEAR,AU$2,Metal,AU$3) -> 96 | AV21: =COUNTIFS(Carrier,AV$4,YEAR,AV$2,Metal,AV$3) -> 18 | AW21: =COUNTIFS(Carrier,AW$4,YEAR,AW$2,Metal,AW$3) -> 14 | AX21: =COUNTIFS(Carrier,AX$4,YEAR,AX$2,Metal,AX$3) -> 20 | AY21: =COUNTIF(AT21:AX21,">0") -> 5 | AZ21: =COUNTIFS(Carrier,AZ$4,YEAR,AZ$2,Metal,AZ$3) -> 24 | BA21: =COUNTIFS(Carrier,BA$4,YEAR,BA$2,Metal,BA$3) -> 75 | BB21: =COUNTIFS(Carrier,BB$4,YEAR,BB$2,Metal,BB$3) -> 8 | BC21: =COUNTIFS(Carrier,BC$4,YEAR,BC$2,Metal,BC$3) -> 42 | BD21: =COUNTIFS(Carrier,BD$4,YEAR,BD$2,Metal,BD$3) -> 0 | BE21: =COUNTIF(AZ21:BD21,">0") -> 4 | BF21: =COUNTIFS(Carrier,BF$4,YEAR,BF$2,Metal,BF$3) -> 144 | BG21: =COUNTIFS(Carrier,BG$4,YEAR,BG$2,Metal,BG$3) -> 320 | BH21: =COUNTIFS(Carrier,BH$4,YEAR,BH$2,Metal,BH$3) -> 72 | BI21: =COUNTIFS(Carrier,BI$4,YEAR,BI$2,Metal,BI$3) -> 56 | BJ21: =COUNTIFS(Carrier,BJ$4,YEAR,BJ$2,Metal,BJ$3) -> 64 | BK21: =COUNTIF(BF21:BJ21,">0") -> 5 | BL21: =COUNTIFS(Carrier,BL$4,YEAR,BL$2,Metal,BL$3) -> 528 | BM21: =COUNTIFS(Carrier,BM$4,YEAR,BM$2,Metal,BM$3) -> 204 | BN21: =COUNTIFS(Carrier,BN$4,YEAR,BN$2,Metal,BN$3) -> 30 | BO21: =COUNTIFS(Carrier,BO$4,YEAR,BO$2,Metal,BO$3) -> 189 | BP21: =COUNTIFS(Carrier,BP$4,YEAR,BP$2,Metal,BP$3) -> 0 | BQ21: =COUNTIF(BL21:BP21,">0") -> 4 | BR21: =COUNTIFS(Carrier,BR$4,YEAR,BR$2,Metal,BR$3) -> 18 | BS21: =COUNTIFS(Carrier,BS$4,YEAR,BS$2,Metal,BS$3) -> 48 | BT21: =COUNTIFS(Carrier,BT$4,YEAR,BT$2,Metal,BT$3) -> 12 | BU21: =COUNTIFS(Carrier,BU$4,YEAR,BU$2,Metal,BU$3) -> 14 | BV21: =COUNTIFS(Carrier,BV$4,YEAR,BV$2,Metal,BV$3) -> 16 | BW21: =COUNTIF(BR21:BV21,">0") -> 5 | BX21: =COUNTIFS(Carrier,BX$4,YEAR,BX$2,Metal,BX$3) -> 12 | BY21: =COUNTIFS(Carrier,BY$4,YEAR,BY$2,Metal,BY$3) -> 15 | BZ21: =COUNTIFS(Carrier,BZ$4,YEAR,BZ$2,Metal,BZ$3) -> 8 | CA21: =COUNTIFS(Carrier,CA$4,YEAR,CA$2,Metal,CA$3) -> 42 | CB21: =COUNTIFS(Carrier,CB$4,YEAR,CB$2,Metal,CB$3) -> 0 | CC21: =COUNTIF(BX21:CB21,">0") -> 4 | CD21: =COUNTIFS(Carrier,CD$4,YEAR,CD$2,Metal,CD$3) -> 0 | CE21: =COUNTIFS(Carrier,CE$4,YEAR,CE$2,Metal,CE$3) -> 0 | CF21: =COUNTIFS(Carrier,CF$4,YEAR,CF$2,Metal,CF$3) -> 0 | CG21: =COUNTIFS(Carrier,CG$4,YEAR,CG$2,Metal,CG$3) -> 0 | CH21: =COUNTIFS(Carrier,CH$4,YEAR,CH$2,Metal,CH$3) -> 16 | CI21: =COUNTIF(CD21:CH21,">0") -> 1 | CJ21: =COUNTIFS(Carrier,CJ$4,YEAR,CJ$2,Metal,CJ$3) -> 0 | CK21: =COUNTIFS(Carrier,CK$4,YEAR,CK$2,Metal,CK$3) -> 0 | CL21: =COUNTIFS(Carrier,CL$4,YEAR,CL$2,Metal,CL$3) -> 0 | CM21: =COUNTIFS(Carrier,CM$4,YEAR,CM$2,Metal,CM$3) -> 42 | CN21: =COUNTIFS(Carrier,CN$4,YEAR,CN$2,Metal,CN$3) -> 0 | CO21: =COUNTIF(CJ21:CN21,">0") -> 1
E22: Check Math
K25: 2014 | L25: 2019
A26: Catastrophic | B26: Bronze | C26: Silver | D26: Gold | E26: Platinum | J26: 1 | K26: =SUMIFS($G$5:$G$20,$N$5:$N$20,J26) -> 30 | L26: =SUMIFS($G$5:$G$20,$T$5:$T$20,J26) -> 45 | M26: =L26/L$31 -> 0.28301887
J27: 2 | K27: =SUMIFS($G$5:$G$20,$N$5:$N$20,J27) -> 65 | L27: =SUMIFS($G$5:$G$20,$T$5:$T$20,J27) -> 75 | M27: =L27/L$31 -> 0.47169811
J28: 3 | K28: =SUMIFS($G$5:$G$20,$N$5:$N$20,J28) -> 0 | L28: =SUMIFS($G$5:$G$20,$T$5:$T$20,J28) -> 39
J29: 4 | K29: =SUMIFS($G$5:$G$20,$N$5:$N$20,J29) -> 34 | L29: =SUMIFS($G$5:$G$20,$T$5:$T$20,J29) -> 0
J30: 5 | K30: =SUMIFS($G$5:$G$20,$N$5:$N$20,J30) -> 30 | L30: =SUMIFS($G$5:$G$20,$T$5:$T$20,J30) -> 0
K31: =SUM(K26:K30) -> 159 | L31: =SUM(L26:L30) -> 159

Sheet 2015
C1: Original Data | M1: Calculations
C2: State | D2: Issuer Name | E2: Plan ID - Standard Component | F2: Plan Marketing Name | G2: Plan Type | H2: Rating Area | I2: Rating Area | J2: Premium Adult Individual Age 27 | M2: Code | N2: State | P2: Rating Area # | Q2: Number of Silver Plans | R2: Find Rowin Table | S2: Second Lowest Silver Plan | T2: Alternative Lookup | U2: Age Factor | V2: Age 21 Premium | W2: Weight | X2: Weight with no NA | Y2: Age21 x Weight | AA2: See below "Calculations" to check below formulae
A3: 1 | B3: =CONCATENATE(C3,I3) -> GA1 | C3: GA | D3: Coventry Health Care of Georgia, Inc. | E3: 47783GA0510025 | F3: Coventry Silver $10 Copay HMO Albany | G3: 2 | H3: Silver | I3: 1 | J3: 297.91 | M3: =CONCATENATE(N3,P3) -> GA1 | N3: GA | O3: Rating Area 1 | P3: 1 | Q3: =COUNTIF(B$3:B$343,M3) -> 11 | R3: =MATCH(M3,B$3:B$343,0) -> 1 | S3: =INDEX(J$3:J$343,R3+1) -> 305.83 | T3: =VLOOKUP(R3+1,Silverplans,10,FALSE) -> 305.83 | U3: =_xlfn.IFNA(VLOOKUP(N3,AgeFactors,2,FALSE),AgeFactors!$E$25) -> 1.048 | V3: =T3/U3 -> 291.82252 | W3: =VLOOKUP(M3,Weight,4,FALSE) -> 9027 | X3: =_xlfn.IFNA(W3,0) -> 9027 | Y3: =_xlfn.IFNA(W3*V3,0) -> 2634281.9 | AA3: weighted average | AB3: =V21 -> 205.87129
A4: 2 | B4: =CONCATENATE(C4,I4) -> GA1 | C4: GA | D4: UnitedHealthcare | E4: 43802GA0040005 | F4: UnitedHealthcare Silver Compass HSA 3600 | G4: 2 | H4: Silver | I4: 1 | J4: 305.83 | M4: =CONCATENATE(N4,P4) -> GA2 | N4: GA | O4: Rating Area 2 | P4: 2 | Q4: =COUNTIF(B$3:B$343,M4) -> 42 | R4: =MATCH(M4,B$3:B$343,0) -> 12 | S4: =INDEX(J$3:J$343,R4+1) -> 191.04 | T4: =VLOOKUP(R4+1,Silverplans,10,FALSE) -> 191.04 | U4: =_xlfn.IFNA(VLOOKUP(N4,AgeFactors,2,FALSE),AgeFactors!$E$25) -> 1.048 | V4: =T4/U4 -> 182.29008 | W4: =VLOOKUP(M4,Weight,4,FALSE) -> 14591 | X4: =_xlfn.IFNA(W4,0) -> 14591 | Y4: =_xlfn.IFNA(W4*V4,0) -> 2659794.5 | AA4: Median | AB4: =V19 -> 218.59733
A5: 3 | B5: =CONCATENATE(C5,I5) -> GA1 | C5: GA | D5: Coventry Health Care of Georgia, Inc. | E5: 47783GA0510033 | F5: Coventry Silver $5 Copay 2750 HMO Albany | G5: 2 | H5: Silver | I5: 1 | J5: 307.27 | M5: =CONCATENATE(N5,P5) -> GA3 | N5: GA | O5: Rating Area 3 | P5: 3 | Q5: =COUNTIF(B$3:B$343,M5) -> 45 | R5: =MATCH(M5,B$3:B$343,0) -> 54 | S5: =INDEX(J$3:J$343,R5+1) -> 209.41 | T5: =VLOOKUP(R5+1,Silverplans,10,FALSE) -> 209.41 | U5: =_xlfn.IFNA(VLOOKUP(N5,AgeFactors,2,FALSE),AgeFactors!$E$25) -> 1.048 | V5: =T5/U5 -> 199.8187 | W5: =VLOOKUP(M5,Weight,4,FALSE) -> 341300 | X5: =_xlfn.IFNA(W5,0) -> 341300 | Y5: =_xlfn.IFNA(W5*V5,0) -> 68198123 | AA5: simple average | AB5: =V20 -> 222.00322
A6: 4 | B6: =CONCATENATE(C6,I6) -> GA1 | C6: GA | D6: UnitedHealthcare | E6: 43802GA0040006 | F6: UnitedHealthcare Silver Compass 5000 | G6: 2 | H6: Silver | I6: 1 | J6: 322.65 | M6: =CONCATENATE(N6,P6) -> GA4 | N6: GA | O6: Rating Area 4 | P6: 4 | Q6: =COUNTIF(B$3:B$343,M6) -> 24 | R6: =MATCH(M6,B$3:B$343,0) -> 99 | S6: =INDEX(J$3:J$343,R6+1) -> 261.43 | T6: =VLOOKUP(R6+1,Silverplans,10,FALSE) -> 261.43 | U6: =_xlfn.IFNA(VLOOKUP(N6,AgeFactors,2,FALSE),AgeFactors!$E$25) -> 1.048 | V6: =T6/U6 -> 249.45611 | W6: =VLOOKUP(M6,Weight,4,FALSE) -> 7945 | X6: =_xlfn.IFNA(W6,0) -> 7945 | Y6: =_xlfn.IFNA(W6*V6,0) -> 1981928.8
A7: 5 | B7: =CONCATENATE(C7,I7) -> GA1 | C7: GA | D7: UnitedHealthcare | E7: 43802GA0040004 | F7: UnitedHealthcare Silver Compass 2000 | G7: 2 | H7: Silver | I7: 1 | J7: 324.48 | M7: =CONCATENATE(N7,P7) -> GA5 | N7: GA | O7: Rating Area 5 | P7: 5 | Q7: =COUNTIF(B$3:B$343,M7) -> 12 | R7: =MATCH(M7,B$3:B$343,0) -> 123 | S7: =INDEX(J$3:J$343,R7+1) -> 208.73 | T7: =VLOOKUP(R7+1,Silverplans,10,FALSE) -> 208.73 | U7: =_xlfn.IFNA(VLOOKUP(N7,AgeFactors,2,FALSE),AgeFactors!$E$25) -> 1.048 | V7: =T7/U7 -> 199.16985 | W7: =VLOOKUP(M7,Weight,4,FALSE) -> 22577 | X7: =_xlfn.IFNA(W7,0) -> 22577 | Y7: =_xlfn.IFNA(W7*V7,0) -> 4496657.6
A8: 6 | B8: =CONCATENATE(C8,I8) -> GA1 | C8: GA | D8: Blue Cross Blue Shield Healthcare Plan of Georgia | E8: 49046GA0410024 | F8: BCBSHP Silver Pathway X HMO 3500 25 | G8: 2 | H8: Silver | I8: 1 | J8: 332.94 | M8: =CONCATENATE(N8,P8) -> GA6 | N8: GA | O8: Rating Area 6 | P8: 6 | Q8: =COUNTIF(B$3:B$343,M8) -> 12 | R8: =MATCH(M8,B$3:B$343,0) -> 135 | S8: =INDEX(J$3:J$343,R8+1) -> 249.59 | T8: =VLOOKUP(R8+1,Silverplans,10,FALSE) -> 249.59 | U8: =_xlfn.IFNA(VLOOKUP(N8,AgeFactors,2,FALSE),AgeFactors!$E$25) -> 1.048 | V8: =T8/U8 -> 238.1584 | W8: =VLOOKUP(M8,Weight,4,FALSE) -> 12955 | X8: =_xlfn.IFNA(W8,0) -> 12955 | Y8: =_xlfn.IFNA(W8*V8,0) -> 3085342
A9: 7 | B9: =CONCATENATE(C9,I9) -> GA1 | C9: GA | D9: Blue Cross Blue Shield Healthcare Plan of Georgia | E9: 49046GA0410019 | F9: BCBSHP Silver Pathway X HMO 10 for HSA | G9: 2 | H9: Silver | I9: 1 | J9: 335.68 | M9: =CONCATENATE(N9,P9) -> GA7 | N9: GA | O9: Rating Area 7 | P9: 7 | Q9: =COUNTIF(B$3:B$343,M9) -> 20 | R9: =MATCH(M9,B$3:B$343,0) -> 147 | S9: =INDEX(J$3:J$343,R9+1) -> 232.11 | T9: =VLOOKUP(R9+1,Silverplans,10,FALSE) -> 232.11 | U9: =_xlfn.IFNA(VLOOKUP(N9,AgeFactors,2,FALSE),AgeFactors!$E$25) -> 1.048 | V9: =T9/U9 -> 221.47901 | W9: =VLOOKUP(M9,Weight,4,FALSE) -> 5220 | X9: =_xlfn.IFNA(W9,0) -> 5220 | Y9: =_xlfn.IFNA(W9*V9,0) -> 1156120.4
A10: 8 | B10: =CONCATENATE(C10,I10) -> GA1 | C10: GA | D10: Blue Cross Blue Shield Healthcare Plan of Georgia | E10: 49046GA0410023 | F10: BCBSHP Silver Pathway X HMO 2000 25 | G10: 2 | H10: Silver | I10: 1 | J10: 354.45 | M10: =CONCATENATE(N10,P10) -> GA8 | N10: GA | O10: Rating Area 8 | P10: 8 | Q10: =COUNTIF(B$3:B$343,M10) -> 31 | R10: =MATCH(M10,B$3:B$343,0) -> 167 | S10: =INDEX(J$3:J$343,R10+1) -> 213.6 | T10: =VLOOKUP(R10+1,Silverplans,10,FALSE) -> 213.6 | U10: =_xlfn.IFNA(VLOOKUP(N10,AgeFactors,2,FALSE),AgeFactors!$E$25) -> 1.048 | V10: =T10/U10 -> 203.81679 | W10: =VLOOKUP(M10,Weight,4,FALSE) -> 13483 | X10: =_xlfn.IFNA(W10,0) -> 13483 | Y10: =_xlfn.IFNA(W10*V10,0) -> 2748061.8
A11: 9 | B11: =CONCATENATE(C11,I11) -> GA1 | C11: GA | D11: Blue Cross Blue Shield Healthcare Plan of Georgia | E11: 49046GA0410020 | F11: BCBSHP Silver Pathway X HMO 3000 10 | G11: 2 | H11: Silver | I11: 1 | J11: 357.4 | M11: =CONCATENATE(N11,P11) -> GA9 | N11: GA | O11: Rating Area 9 | P11: 9 | Q11: =COUNTIF(B$3:B$343,M11) -> 20 | R11: =MATCH(M11,B$3:B$343,0) -> 198 | S11: =INDEX(J$3:J$343,R11+1) -> 228.55 | T11: =VLOOKUP(R11+1,Silverplans,10,FALSE) -> 228.55 | U11: =_xlfn.IFNA(VLOOKUP(N11,AgeFactors,2,FALSE),AgeFactors!$E$25) -> 1.048 | V11: =T11/U11 -> 218.08206 | W11: =VLOOKUP(M11,Weight,4,FALSE) -> 5564 | X11: =_xlfn.IFNA(W11,0) -> 5564 | Y11: =_xlfn.IFNA(W11*V11,0) -> 1213408.6
A12: 10 | B12: =CONCATENATE(C12,I12) -> GA1 | C12: GA | D12: Blue Cross Blue Shield Healthcare Plan of Georgia | E12: 49046GA0410018 | F12: BCBSHP Silver Pathway X HMO 3500 0 | G12: 2 | H12: Silver | I12: 1 | J12: 368.17 | M12: =CONCATENATE(N12,P12) -> GA10 | N12: GA | O12: Rating Area 10 | P12: 10 | Q12: =COUNTIF(B$3:B$343,M12) -> 29 | R12: =MATCH(M12,B$3:B$343,0) -> 218 | S12: =INDEX(J$3:J$343,R12+1) -> 217.73 | T12: =VLOOKUP(R12+1,Silverplans,10,FALSE) -> 217.73 | U12: =_xlfn.IFNA(VLOOKUP(N12,AgeFactors,2,FALSE),AgeFactors!$E$25) -> 1.048 | V12: =T12/U12 -> 207.75763 | W12: =VLOOKUP(M12,Weight,4,FALSE) -> 20614 | X12: =_xlfn.IFNA(W12,0) -> 20614 | Y12: =_xlfn.IFNA(W12*V12,0) -> 4282715.9
A13: 11 | B13: =CONCATENATE(C13,I13) -> GA1 | C13: GA | D13: Blue Cross Blue Shield Healthcare Plan of Georgia | E13: 49046GA0610003 | F13: Blue Cross and Blue Shield Healthcare Plan of Georgia Silver DirectAccess, a Multi-State Plan | G13: 2 | H13: Silver | I13: 1 | J13: 373.35 | M13: =CONCATENATE(N13,P13) -> GA11 | N13: GA | O13: Rating Area 11 | P13: 11 | Q13: =COUNTIF(B$3:B$343,M13) -> 15 | R13: =MATCH(M13,B$3:B$343,0) -> 247 | S13: =INDEX(J$3:J$343,R13+1) -> 244.43 | T13: =VLOOKUP(R13+1,Silverplans,10,FALSE) -> 244.43 | U13: =_xlfn.IFNA(VLOOKUP(N13,AgeFactors,2,FALSE),AgeFactors!$E$25) -> 1.048 | V13: =T13/U13 -> 233.23473 | W13: =VLOOKUP(M13,Weight,4,FALSE) -> 6195 | X13: =_xlfn.IFNA(W13,0) -> 6195 | Y13: =_xlfn.IFNA(W13*V13,0) -> 1444889.2
A14: 12 | B14: =CONCATENATE(C14,I14) -> GA2 | C14: GA | D14: Ambetter from Peach State Health Plan | E14: 45495GA0010014 | F14: Ambetter Balanced Care 2 | G14: 2 | H14: Silver | I14: 2 | J14: 186.57 | M14: =CONCATENATE(N14,P14) -> GA12 | N14: GA | O14: Rating Area 12 | P14: 12 | Q14: =COUNTIF(B$3:B$343,M14) -> 16 | R14: =MATCH(M14,B$3:B$343,0) -> 262 | S14: =INDEX(J$3:J$343,R14+1) -> 229.63 | T14: =VLOOKUP(R14+1,Silverplans,10,FALSE) -> 229.63 | U14: =_xlfn.IFNA(VLOOKUP(N14,AgeFactors,2,FALSE),AgeFactors!$E$25) -> 1.048 | V14: =T14/U14 -> 219.1126 | W14: =VLOOKUP(M14,Weight,4,FALSE) -> 18563 | X14: =_xlfn.IFNA(W14,0) -> 18563 | Y14: =_xlfn.IFNA(W14*V14,0) -> 4067387.1
A15: 13 | B15: =CONCATENATE(C15,I15) -> GA2 | C15: GA | D15: Ambetter from Peach State Health Plan | E15: 45495GA0020014 | F15: Ambetter Balanced Care 2 + Vision | G15: 2 | H15: Silver | I15: 2 | J15: 191.04 | M15: =CONCATENATE(N15,P15) -> GA13 | N15: GA | O15: Rating Area 13 | P15: 13 | Q15: =COUNTIF(B$3:B$343,M15) -> 28 | R15: =MATCH(M15,B$3:B$343,0) -> 278 | S15: =INDEX(J$3:J$343,R15+1) -> 240.35 | T15: =VLOOKUP(R15+1,Silverplans,10,FALSE) -> 240.35 | U15: =_xlfn.IFNA(VLOOKUP(N15,AgeFactors,2,FALSE),AgeFactors!$E$25) -> 1.048 | V15: =T15/U15 -> 229.3416 | W15: =VLOOKUP(M15,Weight,4,FALSE) -> 11235 | X15: =_xlfn.IFNA(W15,0) -> 11235 | Y15: =_xlfn.IFNA(W15*V15,0) -> 2576652.9
A16: 14 | B16: =CONCATENATE(C16,I16) -> GA2 | C16: GA | D16: Ambetter from Peach State Health Plan | E16: 45495GA0010008 | F16: Ambetter Balanced Care 4 | G16: 2 | H16: Silver | I16: 2 | J16: 196.52 | M16: =CONCATENATE(N16,P16) -> GA14 | N16: GA | O16: Rating Area 14 | P16: 14 | Q16: =COUNTIF(B$3:B$343,M16) -> 15 | R16: =MATCH(M16,B$3:B$343,0) -> 306 | S16: =INDEX(J$3:J$343,R16+1) -> 195.44 | T16: =VLOOKUP(R16+1,Silverplans,10,FALSE) -> 195.44 | U16: =_xlfn.IFNA(VLOOKUP(N16,AgeFactors,2,FALSE),AgeFactors!$E$25) -> 1.048 | V16: =T16/U16 -> 186.48855 | W16: =VLOOKUP(M16,Weight,4,FALSE) -> 33895 | X16: =_xlfn.IFNA(W16,0) -> 33895 | Y16: =_xlfn.IFNA(W16*V16,0) -> 6321029.4
A17: 15 | B17: =CONCATENATE(C17,I17) -> GA2 | C17: GA | D17: Ambetter from Peach State Health Plan | E17: 45495GA0010015 | F17: Ambetter Balanced Care 1 | G17: 2 | H17: Silver | I17: 2 | J17: 198.55 | M17: =CONCATENATE(N17,P17) -> GA15 | N17: GA | O17: Rating Area 15 | P17: 15 | Q17: =COUNTIF(B$3:B$343,M17) -> 11 | R17: =MATCH(M17,B$3:B$343,0) -> 321 | S17: =INDEX(J$3:J$343,R17+1) -> 273.9 | T17: =VLOOKUP(R17+1,Silverplans,10,FALSE) -> 273.9 | U17: =_xlfn.IFNA(VLOOKUP(N17,AgeFactors,2,FALSE),AgeFactors!$E$25) -> 1.048 | V17: =T17/U17 -> 261.35496 | W17: =VLOOKUP(M17,Weight,4,FALSE) -> 14843 | X17: =_xlfn.IFNA(W17,0) -> 14843 | Y17: =_xlfn.IFNA(W17*V17,0) -> 3879291.7
A18: 16 | B18: =CONCATENATE(C18,I18) -> GA2 | C18: GA | D18: Ambetter from Peach State Health Plan | E18: 45495GA0030014 | F18: Ambetter Balanced Care 2 + Vision + Adult Dental | G18: 2 | H18: Silver | I18: 2 | J18: 199.36 | M18: =CONCATENATE(N18,P18) -> GA16 | N18: GA | O18: Rating Area 16 | P18: 16 | Q18: =COUNTIF(B$3:B$343,M18) -> 10 | R18: =MATCH(M18,B$3:B$343,0) -> 332 | S18: =INDEX(J$3:J$343,R18+1) -> 220.78 | T18: =VLOOKUP(R18+1,Silverplans,10,FALSE) -> 220.78 | U18: =_xlfn.IFNA(VLOOKUP(N18,AgeFactors,2,FALSE),AgeFactors!$E$25) -> 1.048 | V18: =T18/U18 -> 210.66794 | W18: =VLOOKUP(M18,Weight,4,FALSE) -> 3025 | X18: =_xlfn.IFNA(W18,0) -> 3025 | Y18: =_xlfn.IFNA(W18*V18,0) -> 637270.52
A19: 17 | B19: =CONCATENATE(C19,I19) -> GA2 | C19: GA | D19: Ambetter from Peach State Health Plan | E19: 45495GA0020008 | F19: Ambetter Balanced Care 4 + Vision | G19: 2 | H19: Silver | I19: 2 | J19: 201.22 | U19: median | V19: =MEDIAN(V3:V18) -> 218.59733
A20: 18 | B20: =CONCATENATE(C20,I20) -> GA2 | C20: GA | D20: Ambetter from Peach State Health Plan | E20: 45495GA0010009 | F20: Ambetter Balanced Care 5 | G20: 2 | H20: Silver | I20: 2 | J20: 203.02 | U20: mean | V20: =AVERAGE(V3:V18) -> 222.00322 | X20: =SUM(X3:X18) -> 541032 | Y20: =SUM(Y3:Y18) -> 1.1138296e+08
A21: 19 | B21: =CONCATENATE(C21,I21) -> GA2 | C21: GA | D21: Ambetter from Peach State Health Plan | E21: 45495GA0020015 | F21: Ambetter Balanced Care 1 + Vision | G21: 2 | H21: Silver | I21: 2 | J21: 203.3 | U21: weight average | V21: =Y20/X20 -> 205.87129
A22: 20 | B22: =CONCATENATE(C22,I22) -> GA2 | C22: GA | D22: Ambetter from Peach State Health Plan | E22: 45495GA0010007 | F22: Ambetter Balanced Care 3 | G22: 2 | H22: Silver | I22: 2 | J22: 204.03 | U22: min | V22: =MIN(V3:V18) -> 182.29008
A23: 21 | B23: =CONCATENATE(C23,I23) -> GA2 | C23: GA | D23: Ambetter from Peach State Health Plan | E23: 45495GA0020009 | F23: Ambetter Balanced Care 5 + Vision | G23: 2 | H23: Silver | I23: 2 | J23: 207.87 | U23: max | V23: =MAX(V3:V18) -> 291.82252
A24: 22 | B24: =CONCATENATE(C24,I24) -> GA2 | C24: GA | D24: Ambetter from Peach State Health Plan | E24: 45495GA0020007 | F24: Ambetter Balanced Care 3 + Vision | G24: 2 | H24: Silver | I24: 2 | J24: 208.91
A25: 23 | B25: =CONCATENATE(C25,I25) -> GA2 | C25: GA | D25: Ambetter from Peach State Health Plan | E25: 45495GA0030008 | F25: Ambetter Balanced Care 4 + Vision + Adult Dental | G25: 2 | H25: Silver | I25: 2 | J25: 209.99
A26: 24 | B26: =CONCATENATE(C26,I26) -> GA2 | C26: GA | D26: Ambetter from Peach State Health Plan | E26: 45495GA0030015 | F26: Ambetter Balanced Care 1 + Vision + Adult Dental | G26: 2 | H26: Silver | I26: 2 | J26: 212.16
A27: 25 | B27: =CONCATENATE(C27,I27) -> GA2 | C27: GA | D27: Blue Cross Blue Shield Healthcare Plan of Georgia | E27: 49046GA0410024 | F27: BCBSHP Silver Pathway X HMO 3500 25 | G27: 2 | H27: Silver | I27: 2 | J27: 214.78
A28: 26 | B28: =CONCATENATE(C28,I28) -> GA2 | C28: GA | D28: Blue Cross Blue Shield Healthcare Plan of Georgia | E28: 49046GA0410019 | F28: BCBSHP Silver Pathway X HMO 10 for HSA | G28: 2 | H28: Silver | I28: 2 | J28: 216.55
A29: 27 | B29: =CONCATENATE(C29,I29) -> GA2 | C29: GA | D29: Ambetter from Peach State Health Plan | E29: 45495GA0030009 | F29: Ambetter Balanced Care 5 + Vision + Adult Dental | G29: 2 | H29: Silver | I29: 2 | J29: 216.93
A30: 28 | B30: =CONCATENATE(C30,I30) -> GA2 | C30: GA | D30: Ambetter from Peach State Health Plan | E30: 45495GA0030007 | F30: Ambetter Balanced Care 3 + Vision + Adult Dental | G30: 2 | H30: Silver | I30: 2 | J30: 218.01
A31: 29 | B31: =CONCATENATE(C31,I31) -> GA2 | C31: GA | D31: Blue Cross Blue Shield Healthcare Plan of Georgia | E31: 49046GA0410023 | F31: BCBSHP Silver Pathway X HMO 2000 25 | G31: 2 | H31: Silver | I31: 2 | J31: 228.65
A32: 30 | B32: =CONCATENATE(C32,I32) -> GA2 | C32: GA | D32: Blue Cross Blue Shield Healthcare Plan of Georgia | E32: 49046GA0410020 | F32: BCBSHP Silver Pathway X HMO 3000 10 | G32: 2 | H32: Silver | I32: 2 | J32: 230.56
A33: 31 | B33: =CONCATENATE(C33,I33) -> GA2 | C33: GA | D33: Blue Cross Blue Shield Healthcare Plan of Georgia | E33: 49046GA0410018 | F33: BCBSHP Silver Pathway X HMO 3500 0 | G33: 2 | H33: Silver | I33: 2 | J33: 237.51
A34: 32 | B34: =CONCATENATE(C34,I34) -> GA2 | C34: GA | D34: Blue Cross Blue Shield Healthcare Plan of Georgia | E34: 49046GA0610003 | F34: Blue Cross and Blue Shield Healthcare Plan of Georgia Silver DirectAccess, a Multi-State Plan | G34: 2 | H34: Silver | I34: 2 | J34: 240.84
A35: 33 | B35: =CONCATENATE(C35,I35) -> GA2 | C35: GA | D35: Alliant Health Plans | E35: 83761GA0040010 | F35: SoloCare - 0040010 | G35: 1 | H35: Silver | I35: 2 | J35: 241.89
... A343: 341 | B343: =CONCATENATE(C343,I343) -> GA16 | C343: GA | D343: UnitedHealthcare | E343: 43802GA0040004 | F343: UnitedHealthcare Silver Compass 2000 | G343: 2 | H343: Silver | I343: 16 | J343: 270.09

Sheet 2016(p)
C1: Original Data | M1: Calculations
C2: State | D2: Issuer Name | E2: Plan ID - Standard Component | F2: Plan Marketing Name | G2: Plan Type | H2: Rating Area | I2: Rating Area | J2: Premium Adult Individual Age 27 | M2: Code | N2: State | P2: Rating Area # | Q2: Number of Silver Plans | R2: Find Rowin Table | S2: Second Lowest Silver Plan | T2: Alternative Lookup | U2: Age Factor | V2: Age 21 Premium | W2: Weight | X2: Weight with no NA | Y2: Age21 x Weight | AA2: See below "Calculations" to check below formulae
A3: 1 | B3: =CONCATENATE(C3,I3) -> GA1 | C3: GA | D3: UnitedHealthcare of Georgia, Inc. | E3: 43802GA0040006 | F3: Silver Compass 5000 | G3: 2 | H3: Silver | I3: 1 | J3: 329.99 | M3: =CONCATENATE(N3,P3) -> GA1 | N3: GA | O3: Rating Area 1 | P3: 1 | Q3: =COUNTIF(B$3:B$343,M3) -> 11 | R3: =MATCH(M3,B$3:B$343,0) -> 1 | S3: =INDEX(J$3:J$343,R3+1) -> 335.67 | T3: =VLOOKUP(R3+1,Silverplans,10,FALSE) -> 335.67 | U3: =_xlfn.IFNA(VLOOKUP(N3,AgeFactors,2,FALSE),AgeFactors!$E$25) -> 1.048 | V3: =T3/U3 -> 320.2958 | W3: =VLOOKUP(M3,Weight,4,FALSE) -> 9027 | X3: =_xlfn.IFNA(W3,0) -> 9027 | Y3: =_xlfn.IFNA(W3*V3,0) -> 2891310.2 | AA3: weighted average | AB3: =V21 -> 215.12593
A4: 2 | B4: =CONCATENATE(C4,I4) -> GA1 | C4: GA | D4: Aetna Health Inc. (a GA corp.) | E4: 82824GA0100028 | F4: Coventry Silver $10 Copay 2750 HMO Albany | G4: 2 | H4: Silver | I4: 1 | J4: 335.67 | M4: =CONCATENATE(N4,P4) -> GA2 | N4: GA | O4: Rating Area 2 | P4: 2 | Q4: =COUNTIF(B$3:B$343,M4) -> 33 | R4: =MATCH(M4,B$3:B$343,0) -> 12 | S4: =INDEX(J$3:J$343,R4+1) -> 216.47 | T4: =VLOOKUP(R4+1,Silverplans,10,FALSE) -> 216.47 | U4: =_xlfn.IFNA(VLOOKUP(N4,AgeFactors,2,FALSE),AgeFactors!$E$25) -> 1.048 | V4: =T4/U4 -> 206.55534 | W4: =VLOOKUP(M4,Weight,4,FALSE) -> 14591 | X4: =_xlfn.IFNA(W4,0) -> 14591 | Y4: =_xlfn.IFNA(W4*V4,0) -> 3013849 | AA4: Median | AB4: =V19 -> 252.89122
A5: 3 | B5: =CONCATENATE(C5,I5) -> GA1 | C5: GA | D5: Blue Cross Blue Shield Healthcare Plan of Georgia, | E5: 49046GA0410024 | F5: BCBSHP Silver Pathway X HMO 3500 25 | G5: 2 | H5: Silver | I5: 1 | J5: 341.9 | M5: =CONCATENATE(N5,P5) -> GA3 | N5: GA | O5: Rating Area 3 | P5: 3 | Q5: =COUNTIF(B$3:B$343,M5) -> 34 | R5: =MATCH(M5,B$3:B$343,0) -> 45 | S5: =INDEX(J$3:J$343,R5+1) -> 208.45 | T5: =VLOOKUP(R5+1,Silverplans,10,FALSE) -> 208.45 | U5: =_xlfn.IFNA(VLOOKUP(N5,AgeFactors,2,FALSE),AgeFactors!$E$25) -> 1.048 | V5: =T5/U5 -> 198.90267 | W5: =VLOOKUP(M5,Weight,4,FALSE) -> 341300 | X5: =_xlfn.IFNA(W5,0) -> 341300 | Y5: =_xlfn.IFNA(W5*V5,0) -> 67885482 | AA5: simple average | AB5: =V20 -> 250.88502
A6: 4 | B6: =CONCATENATE(C6,I6) -> GA1 | C6: GA | D6: UnitedHealthcare of Georgia, Inc. | E6: 43802GA0040004 | F6: Silver Compass 2000 | G6: 2 | H6: Silver | I6: 1 | J6: 342.43 | M6: =CONCATENATE(N6,P6) -> GA4 | N6: GA | O6: Rating Area 4 | P6: 4 | Q6: =COUNTIF(B$3:B$343,M6) -> 17 | R6: =MATCH(M6,B$3:B$343,0) -> 79 | S6: =INDEX(J$3:J$343,R6+1) -> 263.5 | T6: =VLOOKUP(R6+1,Silverplans,10,FALSE) -> 263.5 | U6: =_xlfn.IFNA(VLOOKUP(N6,AgeFactors,2,FALSE),AgeFactors!$E$25) -> 1.048 | V6: =T6/U6 -> 251.4313 | W6: =VLOOKUP(M6,Weight,4,FALSE) -> 7945 | X6: =_xlfn.IFNA(W6,0) -> 7945 | Y6: =_xlfn.IFNA(W6*V6,0) -> 1997621.7
A7: 5 | B7: =CONCATENATE(C7,I7) -> GA1 | C7: GA | D7: UnitedHealthcare of Georgia, Inc. | E7: 43802GA0040005 | F7: Silver Compass HSA 3600 | G7: 2 | H7: Silver | I7: 1 | J7: 342.43 | M7: =CONCATENATE(N7,P7) -> GA5 | N7: GA | O7: Rating Area 5 | P7: 5 | Q7: =COUNTIF(B$3:B$343,M7) -> 14 | R7: =MATCH(M7,B$3:B$343,0) -> 96 | S7: =INDEX(J$3:J$343,R7+1) -> 235.11 | T7: =VLOOKUP(R7+1,Silverplans,10,FALSE) -> 235.11 | U7: =_xlfn.IFNA(VLOOKUP(N7,AgeFactors,2,FALSE),AgeFactors!$E$25) -> 1.048 | V7: =T7/U7 -> 224.3416 | W7: =VLOOKUP(M7,Weight,4,FALSE) -> 22577 | X7: =_xlfn.IFNA(W7,0) -> 22577 | Y7: =_xlfn.IFNA(W7*V7,0) -> 5064960.4
A8: 6 | B8: =CONCATENATE(C8,I8) -> GA1 | C8: GA | D8: Aetna Health Inc. (a GA corp.) | E8: 82824GA0100027 | F8: Coventry Silver $10 Copay HMO Albany | G8: 2 | H8: Silver | I8: 1 | J8: 354.55 | M8: =CONCATENATE(N8,P8) -> GA6 | N8: GA | O8: Rating Area 6 | P8: 6 | Q8: =COUNTIF(B$3:B$343,M8) -> 12 | R8: =MATCH(M8,B$3:B$343,0) -> 110 | S8: =INDEX(J$3:J$343,R8+1) -> 287.36 | T8: =VLOOKUP(R8+1,Silverplans,10,FALSE) -> 287.36 | U8: =_xlfn.IFNA(VLOOKUP(N8,AgeFactors,2,FALSE),AgeFactors!$E$25) -> 1.048 | V8: =T8/U8 -> 274.19847 | W8: =VLOOKUP(M8,Weight,4,FALSE) -> 12955 | X8: =_xlfn.IFNA(W8,0) -> 12955 | Y8: =_xlfn.IFNA(W8*V8,0) -> 3552241.2
A9: 7 | B9: =CONCATENATE(C9,I9) -> GA1 | C9: GA | D9: Blue Cross Blue Shield Healthcare Plan of Georgia, | E9: 49046GA0410023 | F9: BCBSHP Silver Pathway X HMO 2000 25 | G9: 2 | H9: Silver | I9: 1 | J9: 355.11 | M9: =CONCATENATE(N9,P9) -> GA7 | N9: GA | O9: Rating Area 7 | P9: 7 | Q9: =COUNTIF(B$3:B$343,M9) -> 13 | R9: =MATCH(M9,B$3:B$343,0) -> 122 | S9: =INDEX(J$3:J$343,R9+1) -> 266.56 | T9: =VLOOKUP(R9+1,Silverplans,10,FALSE) -> 266.56 | U9: =_xlfn.IFNA(VLOOKUP(N9,AgeFactors,2,FALSE),AgeFactors!$E$25) -> 1.048 | V9: =T9/U9 -> 254.35115 | W9: =VLOOKUP(M9,Weight,4,FALSE) -> 5220 | X9: =_xlfn.IFNA(W9,0) -> 5220 | Y9: =_xlfn.IFNA(W9*V9,0) -> 1327713
A10: 8 | B10: =CONCATENATE(C10,I10) -> GA1 | C10: GA | D10: Blue Cross Blue Shield Healthcare Plan of Georgia, | E10: 49046GA0410020 | F10: BCBSHP Silver Pathway X HMO 3000 10 | G10: 2 | H10: Silver | I10: 1 | J10: 356.22 | M10: =CONCATENATE(N10,P10) -> GA8 | N10: GA | O10: Rating Area 8 | P10: 8 | Q10: =COUNTIF(B$3:B$343,M10) -> 25 | R10: =MATCH(M10,B$3:B$343,0) -> 135 | S10: =INDEX(J$3:J$343,R10+1) -> 237.38 | T10: =VLOOKUP(R10+1,Silverplans,10,FALSE) -> 237.38 | U10: =_xlfn.IFNA(VLOOKUP(N10,AgeFactors,2,FALSE),AgeFactors!$E$25) -> 1.048 | V10: =T10/U10 -> 226.50763 | W10: =VLOOKUP(M10,Weight,4,FALSE) -> 13483 | X10: =_xlfn.IFNA(W10,0) -> 13483 | Y10: =_xlfn.IFNA(W10*V10,0) -> 3054002.4
A11: 9 | B11: =CONCATENATE(C11,I11) -> GA1 | C11: GA | D11: Blue Cross Blue Shield Healthcare Plan of Georgia, | E11: 49046GA0410019 | F11: BCBSHP Silver Pathway X HMO 10 for HSA | G11: 2 | H11: Silver | I11: 1 | J11: 356.52 | M11: =CONCATENATE(N11,P11) -> GA9 | N11: GA | O11: Rating Area 9 | P11: 9 | Q11: =COUNTIF(B$3:B$343,M11) -> 14 | R11: =MATCH(M11,B$3:B$343,0) -> 160 | S11: =INDEX(J$3:J$343,R11+1) -> 271.01 | T11: =VLOOKUP(R11+1,Silverplans,10,FALSE) -> 271.01 | U11: =_xlfn.IFNA(VLOOKUP(N11,AgeFactors,2,FALSE),AgeFactors!$E$25) -> 1.048 | V11: =T11/U11 -> 258.59733 | W11: =VLOOKUP(M11,Weight,4,FALSE) -> 5564 | X11: =_xlfn.IFNA(W11,0) -> 5564 | Y11: =_xlfn.IFNA(W11*V11,0) -> 1438835.5
A12: 10 | B12: =CONCATENATE(C12,I12) -> GA1 | C12: GA | D12: Blue Cross Blue Shield Healthcare Plan of Georgia, | E12: 49046GA0610003 | F12: Blue Cross and Blue Shield Healthcare Plan of Georgia Silver DirectAccess a Multi State Plan | G12: 2 | H12: Silver | I12: 1 | J12: 367.15 | M12: =CONCATENATE(N12,P12) -> GA10 | N12: GA | O12: Rating Area 10 | P12: 10 | Q12: =COUNTIF(B$3:B$343,M12) -> 22 | R12: =MATCH(M12,B$3:B$343,0) -> 174 | S12: =INDEX(J$3:J$343,R12+1) -> 257.11 | T12: =VLOOKUP(R12+1,Silverplans,10,FALSE) -> 257.11 | U12: =_xlfn.IFNA(VLOOKUP(N12,AgeFactors,2,FALSE),AgeFactors!$E$25) -> 1.048 | V12: =T12/U12 -> 245.33397 | W12: =VLOOKUP(M12,Weight,4,FALSE) -> 20614 | X12: =_xlfn.IFNA(W12,0) -> 20614 | Y12: =_xlfn.IFNA(W12*V12,0) -> 5057314.4
A13: 11 | B13: =CONCATENATE(C13,I13) -> GA1 | C13: GA | D13: Blue Cross Blue Shield Healthcare Plan of Georgia, | E13: 49046GA0410018 | F13: BCBSHP Silver Pathway X HMO 3500 0 | G13: 2 | H13: Silver | I13: 1 | J13: 384.9 | M13: =CONCATENATE(N13,P13) -> GA11 | N13: GA | O13: Rating Area 11 | P13: 11 | Q13: =COUNTIF(B$3:B$343,M13) -> 15 | R13: =MATCH(M13,B$3:B$343,0) -> 196 | S13: =INDEX(J$3:J$343,R13+1) -> 291.65 | T13: =VLOOKUP(R13+1,Silverplans,10,FALSE) -> 291.65 | U13: =_xlfn.IFNA(VLOOKUP(N13,AgeFactors,2,FALSE),AgeFactors!$E$25) -> 1.048 | V13: =T13/U13 -> 278.29198 | W13: =VLOOKUP(M13,Weight,4,FALSE) -> 6195 | X13: =_xlfn.IFNA(W13,0) -> 6195 | Y13: =_xlfn.IFNA(W13*V13,0) -> 1724018.8
A14: 12 | B14: =CONCATENATE(C14,I14) -> GA2 | C14: GA | D14: Ambetter of Peach State Inc. | E14: 70893GA0010003 | F14: Ambetter Balanced Care 2 (2016) | G14: 2 | H14: Silver | I14: 2 | J14: 212.85 | M14: =CONCATENATE(N14,P14) -> GA12 | N14: GA | O14: Rating Area 12 | P14: 12 | Q14: =COUNTIF(B$3:B$343,M14) -> 16 | R14: =MATCH(M14,B$3:B$343,0) -> 211 | S14: =INDEX(J$3:J$343,R14+1) -> 267.93 | T14: =VLOOKUP(R14+1,Silverplans,10,FALSE) -> 267.93 | U14: =_xlfn.IFNA(VLOOKUP(N14,AgeFactors,2,FALSE),AgeFactors!$E$25) -> 1.048 | V14: =T14/U14 -> 255.6584 | W14: =VLOOKUP(M14,Weight,4,FALSE) -> 18563 | X14: =_xlfn.IFNA(W14,0) -> 18563 | Y14: =_xlfn.IFNA(W14*V14,0) -> 4745786.8
A15: 13 | B15: =CONCATENATE(C15,I15) -> GA2 | C15: GA | D15: Ambetter of Peach State Inc. | E15: 70893GA0010002 | F15: Ambetter Balanced Care 1 (2016) | G15: 2 | H15: Silver | I15: 2 | J15: 216.47 | M15: =CONCATENATE(N15,P15) -> GA13 | N15: GA | O15: Rating Area 13 | P15: 13 | Q15: =COUNTIF(B$3:B$343,M15) -> 21 | R15: =MATCH(M15,B$3:B$343,0) -> 227 | S15: =INDEX(J$3:J$343,R15+1) -> 263.5 | T15: =VLOOKUP(R15+1,Silverplans,10,FALSE) -> 263.5 | U15: =_xlfn.IFNA(VLOOKUP(N15,AgeFactors,2,FALSE),AgeFactors!$E$25) -> 1.048 | V15: =T15/U15 -> 251.4313 | W15: =VLOOKUP(M15,Weight,4,FALSE) -> 11235 | X15: =_xlfn.IFNA(W15,0) -> 11235 | Y15: =_xlfn.IFNA(W15*V15,0) -> 2824830.6
A16: 14 | B16: =CONCATENATE(C16,I16) -> GA2 | C16: GA | D16: Ambetter of Peach State Inc. | E16: 70893GA0020002 | F16: Ambetter Balanced Care 2 (2016) + Vision | G16: 2 | H16: Silver | I16: 2 | J16: 218.14 | M16: =CONCATENATE(N16,P16) -> GA14 | N16: GA | O16: Rating Area 14 | P16: 14 | Q16: =COUNTIF(B$3:B$343,M16) -> 24 | R16: =MATCH(M16,B$3:B$343,0) -> 248 | S16: =INDEX(J$3:J$343,R16+1) -> 191.13 | T16: =VLOOKUP(R16+1,Silverplans,10,FALSE) -> 191.13 | U16: =_xlfn.IFNA(VLOOKUP(N16,AgeFactors,2,FALSE),AgeFactors!$E$25) -> 1.048 | V16: =T16/U16 -> 182.37595 | W16: =VLOOKUP(M16,Weight,4,FALSE) -> 33895 | X16: =_xlfn.IFNA(W16,0) -> 33895 | Y16: =_xlfn.IFNA(W16*V16,0) -> 6181633
A17: 15 | B17: =CONCATENATE(C17,I17) -> GA2 | C17: GA | D17: Ambetter of Peach State Inc. | E17: 70893GA0020001 | F17: Ambetter Balanced Care 1 (2016) + Vision | G17: 2 | H17: Silver | I17: 2 | J17: 221.85 | M17: =CONCATENATE(N17,P17) -> GA15 | N17: GA | O17: Rating Area 15 | P17: 15 | Q17: =COUNTIF(B$3:B$343,M17) -> 11 | R17: =MATCH(M17,B$3:B$343,0) -> 272 | S17: =INDEX(J$3:J$343,R17+1) -> 342.13 | T17: =VLOOKUP(R17+1,Silverplans,10,FALSE) -> 342.13 | U17: =_xlfn.IFNA(VLOOKUP(N17,AgeFactors,2,FALSE),AgeFactors!$E$25) -> 1.048 | V17: =T17/U17 -> 326.45992 | W17: =VLOOKUP(M17,Weight,4,FALSE) -> 14843 | X17: =_xlfn.IFNA(W17,0) -> 14843 | Y17: =_xlfn.IFNA(W17*V17,0) -> 4845644.6
A18: 16 | B18: =CONCATENATE(C18,I18) -> GA2 | C18: GA | D18: Ambetter of Peach State Inc. | E18: 70893GA0010005 | F18: Ambetter Balanced Care 10 (2016) | G18: 2 | H18: Silver | I18: 2 | J18: 223.28 | M18: =CONCATENATE(N18,P18) -> GA16 | N18: GA | O18: Rating Area 16 | P18: 16 | Q18: =COUNTIF(B$3:B$343,M18) -> 10 | R18: =MATCH(M18,B$3:B$343,0) -> 283 | S18: =INDEX(J$3:J$343,R18+1) -> 271.88 | T18: =VLOOKUP(R18+1,Silverplans,10,FALSE) -> 271.88 | U18: =_xlfn.IFNA(VLOOKUP(N18,AgeFactors,2,FALSE),AgeFactors!$E$25) -> 1.048 | V18: =T18/U18 -> 259.42748 | W18: =VLOOKUP(M18,Weight,4,FALSE) -> 3025 | X18: =_xlfn.IFNA(W18,0) -> 3025 | Y18: =_xlfn.IFNA(W18*V18,0) -> 784768.13
A19: 17 | B19: =CONCATENATE(C19,I19) -> GA2 | C19: GA | D19: Ambetter of Peach State Inc. | E19: 70893GA0020003 | F19: Ambetter Balanced Care 10 (2016) + Vision | G19: 2 | H19: Silver | I19: 2 | J19: 228.83 | U19: median | V19: =MEDIAN(V3:V18) -> 252.89122
A20: 18 | B20: =CONCATENATE(C20,I20) -> GA2 | C20: GA | D20: Ambetter of Peach State Inc. | E20: 70893GA0030002 | F20: Ambetter Balanced Care 2 (2016) + Vision + Adult Dental | G20: 2 | H20: Silver | I20: 2 | J20: 231.83 | U20: mean | V20: =AVERAGE(V3:V18) -> 250.88502 | X20: =SUM(X3:X18) -> 541032 | Y20: =SUM(Y3:Y18) -> 1.1639001e+08
A21: 19 | B21: =CONCATENATE(C21,I21) -> GA2 | C21: GA | D21: Ambetter of Peach State Inc. | E21: 70893GA0030001 | F21: Ambetter Balanced Care 1 (2016) + Vision + Adult Dental | G21: 2 | H21: Silver | I21: 2 | J21: 235.78 | U21: weight average | V21: =Y20/X20 -> 215.12593
A22: 20 | B22: =CONCATENATE(C22,I22) -> GA2 | C22: GA | D22: Ambetter of Peach State Inc. | E22: 70893GA0030003 | F22: Ambetter Balanced Care 10 (2016) + Vision + Adult Dental | G22: 2 | H22: Silver | I22: 2 | J22: 243.19 | U22: min | V22: =MIN(V3:V18) -> 182.37595
A23: 21 | B23: =CONCATENATE(C23,I23) -> GA2 | C23: GA | D23: Blue Cross Blue Shield Healthcare Plan of Georgia, | E23: 49046GA0410024 | F23: BCBSHP Silver Pathway X HMO 3500 25 | G23: 2 | H23: Silver | I23: 2 | J23: 249.95 | U23: max | V23: =MAX(V3:V18) -> 326.45992
A24: 22 | B24: =CONCATENATE(C24,I24) -> GA2 | C24: GA | D24: Aetna Health Inc. (a GA corp.) | E24: 82824GA0100008 | F24: Coventry Silver $10 Copay 2750 HMO Atlanta | G24: 2 | H24: Silver | I24: 2 | J24: 250.78
A25: 23 | B25: =CONCATENATE(C25,I25) -> GA2 | C25: GA | D25: Cigna Health and Life Insurance Company | E25: 50491GA0020003 | F25: Cigna Health Savings 3000 | G25: 1 | H25: Silver | I25: 2 | J25: 254.6
A26: 24 | B26: =CONCATENATE(C26,I26) -> GA2 | C26: GA | D26: Blue Cross Blue Shield Healthcare Plan of Georgia, | E26: 49046GA0410023 | F26: BCBSHP Silver Pathway X HMO 2000 25 | G26: 2 | H26: Silver | I26: 2 | J26: 259.6
A27: 25 | B27: =CONCATENATE(C27,I27) -> GA2 | C27: GA | D27: Blue Cross Blue Shield Healthcare Plan of Georgia, | E27: 49046GA0410020 | F27: BCBSHP Silver Pathway X HMO 3000 10 | G27: 2 | H27: Silver | I27: 2 | J27: 260.41
A28: 26 | B28: =CONCATENATE(C28,I28) -> GA2 | C28: GA | D28: Blue Cross Blue Shield Healthcare Plan of Georgia, | E28: 49046GA0410019 | F28: BCBSHP Silver Pathway X HMO 10 for HSA | G28: 2 | H28: Silver | I28: 2 | J28: 260.64
A29: 27 | B29: =CONCATENATE(C29,I29) -> GA2 | C29: GA | D29: Kaiser Foundation Health Plan of Georgia | E29: 89942GA0050006 | F29: KP GA Silver 2750/20%/HSA | G29: 2 | H29: Silver | I29: 2 | J29: 262.74
A30: 28 | B30: =CONCATENATE(C30,I30) -> GA2 | C30: GA | D30: Kaiser Foundation Health Plan of Georgia | E30: 89942GA0050005 | F30: KP GA Silver 2500/30 | G30: 2 | H30: Silver | I30: 2 | J30: 263.5
A31: 29 | B31: =CONCATENATE(C31,I31) -> GA2 | C31: GA | D31: Aetna Health Inc. (a GA corp.) | E31: 82824GA0100007 | F31: Coventry Silver $10 Copay HMO Atlanta | G31: 2 | H31: Silver | I31: 2 | J31: 264.86
A32: 30 | B32: =CONCATENATE(C32,I32) -> GA2 | C32: GA | D32: Cigna Health and Life Insurance Company | E32: 50491GA0020005 | F32: Cigna Health Flex 4000 | G32: 1 | H32: Silver | I32: 2 | J32: 265.31
A33: 31 | B33: =CONCATENATE(C33,I33) -> GA2 | C33: GA | D33: Blue Cross Blue Shield Healthcare Plan of Georgia, | E33: 49046GA0610003 | F33: Blue Cross and Blue Shield Healthcare Plan of Georgia Silver DirectAccess a Multi State Plan | G33: 2 | H33: Silver | I33: 2 | J33: 268.4
A34: 32 | B34: =CONCATENATE(C34,I34) -> GA2 | C34: GA | D34: Aetna Health Inc. (a GA corp.) | E34: 82824GA0100003 | F34: Coventry Silver $10 Copay 2750 HMO Hall | G34: 2 | H34: Silver | I34: 2 | J34: 272.58
A35: 33 | B35: =CONCATENATE(C35,I35) -> GA2 | C35: GA | D35: Kaiser Foundation Health Plan of Georgia | E35: 89942GA0050004 | F35: KP GA Silver 1500/30 | G35: 2 | H35: Silver | I35: 2 | J35: 276.5
... A294: 292 | B294: =CONCATENATE(C294,I294) -> GA16 | C294: GA | D294: Humana Employers Health Plan of Georgia, Inc. | E294: 93332GA0720004 | F294: Humana Silver 3800/National POS - OpenAccess | G294: 3 | H294: Silver | I294: 16 | J294: 303.63
A295: 293 | B295: =CONCATENATE(C295,I295)
A296: 294 | B296: =CONCATENATE(C296,I296)
A297: 295 | B297: =CONCATENATE(C297,I297)
A298: 296 | B298: =CONCATENATE(C298,I298)
A299: 297 | B299: =CONCATENATE(C299,I299)
A300: 298 | B300: =CONCATENATE(C300,I300)
A301: 299 | B301: =CONCATENATE(C301,I301)
A302: 300 | B302: =CONCATENATE(C302,I302)
A303: 301 | B303: =CONCATENATE(C303,I303)
A304: 302 | B304: =CONCATENATE(C304,I304)
A305: 303 | B305: =CONCATENATE(C305,I305)
A306: 304 | B306: =CONCATENATE(C306,I306)
... A343: 341 | B343: =CONCATENATE(C343,I343)

Sheet 2015_HIXCOMPARE
C1: 1 | D1: 2 | E1: 3 | F1: 4 | G1: 5 | H1: 6 | I1: 7 | J1: 8 | O1: 1 | P1: 2 | Q1: 3 | R1: 4 | S1: 5 | T1: 6 | U1: 7 | V1: 8
A2: UNIQUE | B2: YEAR | C2: ST | D2: CARRIER | E2: PLANID | F2: PLANNAME | G2: PLANTYPE | H2: METAL | I2: AREA | J2: PREMI27 | K2: CARRIERTYPE | O2: State | P2: Issuer Name | Q2: Plan ID - Standard Component | R2: Plan Marketing Name | S2: Plan Type | T2: Rating Area | U2: Rating Area | V2: Premium Adult Individual Age 27
A3: 1 | B3: 2015 | C3: GA | D3: Coventry Health Care of Georgia, Inc. | E3: 47783GA0510025 | F3: Coventry Silver $10 Copay HMO Albany | G3: 2 | H3: Silver | I3: 1 | J3: 297.91 | K3: 1 | O3: 1
A4: 2 | B4: 2015 | C4: GA | D4: UnitedHealthcare | E4: 43802GA0040005 | F4: UnitedHealthcare Silver Compass HSA 3600 | G4: 2 | H4: Silver | I4: 1 | J4: 305.83 | K4: 1
A5: 3 | B5: 2015 | C5: GA | D5: Coventry Health Care of Georgia, Inc. | E5: 47783GA0510033 | F5: Coventry Silver $5 Copay 2750 HMO Albany | G5: 2 | H5: Silver | I5: 1 | J5: 307.27 | K5: 1
A6: 4 | B6: 2015 | C6: GA | D6: UnitedHealthcare | E6: 43802GA0040006 | F6: UnitedHealthcare Silver Compass 5000 | G6: 2 | H6: Silver | I6: 1 | J6: 322.65 | K6: 1
A7: 5 | B7: 2015 | C7: GA | D7: UnitedHealthcare | E7: 43802GA0040004 | F7: UnitedHealthcare Silver Compass 2000 | G7: 2 | H7: Silver | I7: 1 | J7: 324.48 | K7: 1
A8: 6 | B8: 2015 | C8: GA | D8: Blue Cross Blue Shield Healthcare Plan of Georgia | E8: 49046GA0410024 | F8: BCBSHP Silver Pathway X HMO 3500 25 | G8: 2 | H8: Silver | I8: 1 | J8: 332.94 | K8: 2
A9: 7 | B9: 2015 | C9: GA | D9: Blue Cross Blue Shield Healthcare Plan of Georgia | E9: 49046GA0410019 | F9: BCBSHP Silver Pathway X HMO 10 for HSA | G9: 2 | H9: Silver | I9: 1 | J9: 335.68 | K9: 2
A10: 8 | B10: 2015 | C10: GA | D10: Blue Cross Blue Shield Healthcare Plan of Georgia | E10: 49046GA0410023 | F10: BCBSHP Silver Pathway X HMO 2000 25 | G10: 2 | H10: Silver | I10: 1 | J10: 354.45 | K10: 2
A11: 9 | B11: 2015 | C11: GA | D11: Blue Cross Blue Shield Healthcare Plan of Georgia | E11: 49046GA0410020 | F11: BCBSHP Silver Pathway X HMO 3000 10 | G11: 2 | H11: Silver | I11: 1 | J11: 357.4 | K11: 2
A12: 10 | B12: 2015 | C12: GA | D12: Blue Cross Blue Shield Healthcare Plan of Georgia | E12: 49046GA0410018 | F12: BCBSHP Silver Pathway X HMO 3500 0 | G12: 2 | H12: Silver | I12: 1 | J12: 368.17 | K12: 2
A13: 11 | B13: 2015 | C13: GA | D13: Blue Cross Blue Shield Healthcare Plan of Georgia | E13: 49046GA0610003 | F13: Blue Cross and Blue Shield Healthcare Plan of Georgia Silver DirectAccess, a Multi-State Plan | G13: 2 | H13: Silver | I13: 1 | J13: 373.35 | K13: 2
A14: 12 | B14: 2015 | C14: GA | D14: Ambetter from Peach State Health Plan | E14: 45495GA0010014 | F14: Ambetter Balanced Care 2 | G14: 2 | H14: Silver | I14: 2 | J14: 186.57 | K14: 4
A15: 13 | B15: 2015 | C15: GA | D15: Ambetter from Peach State Health Plan | E15: 45495GA0020014 | F15: Ambetter Balanced Care 2 + Vision | G15: 2 | H15: Silver | I15: 2 | J15: 191.04 | K15: 4
... A763: 761 | B763: 2015 | C763: GA | D763: UnitedHealthcare | E763: 43802GA0040009 | F763: UnitedHealthcare Bronze Compass HSA 5000 | G763: 2 | H763: Bronze | I763: 16 | J763: 228.09 | K763: 1

Sheet 2016_HIXCOMPARE
C1: 1 | D1: 2 | E1: 3 | F1: 4 | G1: 5 | H1: 6 | I1: 7 | J1: 8 | M1: 1 | N1: 2 | O1: 3 | P1: 4 | Q1: 5 | R1: 6 | S1: 7 | T1: 8
A2: UNIQUE | B2: YEAR | C2: ST | D2: CARRIER | E2: PLANID | F2: PLANNAME | G2: PLANTYPE | H2: METAL | I2: AREA | J2: PREMI27 | K2: CARRIERTYPE | M2: State | N2: Issuer Name | O2: Plan ID - Standard Component | P2: Plan Marketing Name | Q2: Plan Type | R2: Rating Area | S2: Rating Area | T2: Premium Adult Individual Age 27
A3: 1 | B3: 2016 | C3: GA | D3: UnitedHealthcare of Georgia, Inc. | E3: 43802GA0040006 | F3: Silver Compass 5000 | G3: 2 | H3: Silver | I3: 1 | J3: 329.99 | K3: 1 | M3: 1
A4: 2 | B4: 2016 | C4: GA | D4: Aetna Health Inc. (a GA corp.) | E4: 82824GA0100028 | F4: Coventry Silver $10 Copay 2750 HMO Albany | G4: 2 | H4: Silver | I4: 1 | J4: 335.67 | K4: 1
A5: 3 | B5: 2016 | C5: GA | D5: Blue Cross Blue Shield Healthcare Plan of Georgia, | E5: 49046GA0410024 | F5: BCBSHP Silver Pathway X HMO 3500 25 | G5: 2 | H5: Silver | I5: 1 | J5: 341.9 | K5: 2 | M5: FINAL 2016 HIX COMPARE CODEBOOK FOR DATA COLLECTED AS OF NOVEMBER 12, 2015
A6: 4 | B6: 2016 | C6: GA | D6: UnitedHealthcare of Georgia, Inc. | E6: 43802GA0040004 | F6: Silver Compass 2000 | G6: 2 | H6: Silver | I6: 1 | J6: 342.43 | K6: 1
A7: 5 | B7: 2016 | C7: GA | D7: UnitedHealthcare of Georgia, Inc. | E7: 43802GA0040005 | F7: Silver Compass HSA 3600 | G7: 2 | H7: Silver | I7: 1 | J7: 342.43 | K7: 1
A8: 6 | B8: 2016 | C8: GA | D8: Aetna Health Inc. (a GA corp.) | E8: 82824GA0100027 | F8: Coventry Silver $10 Copay HMO Albany | G8: 2 | H8: Silver | I8: 1 | J8: 354.55 | K8: 1
A9: 7 | B9: 2016 | C9: GA | D9: Blue Cross Blue Shield Healthcare Plan of Georgia, | E9: 49046GA0410023 | F9: BCBSHP Silver Pathway X HMO 2000 25 | G9: 2 | H9: Silver | I9: 1 | J9: 355.11 | K9: 2
A10: 8 | B10: 2016 | C10: GA | D10: Blue Cross Blue Shield Healthcare Plan of Georgia, | E10: 49046GA0410020 | F10: BCBSHP Silver Pathway X HMO 3000 10 | G10: 2 | H10: Silver | I10: 1 | J10: 356.22 | K10: 2
A11: 9 | B11: 2016 | C11: GA | D11: Blue Cross Blue Shield Healthcare Plan of Georgia, | E11: 49046GA0410019 | F11: BCBSHP Silver Pathway X HMO 10 for HSA | G11: 2 | H11: Silver | I11: 1 | J11: 356.52 | K11: 2
A12: 10 | B12: 2016 | C12: GA | D12: Blue Cross Blue Shield Healthcare Plan of Georgia, | E12: 49046GA0610003 | F12: Blue Cross and Blue Shield Healthcare Plan of Georgia Silver DirectAccess a Multi State Plan | G12: 2 | H12: Silver | I12: 1 | J12: 367.15 | K12: 2
A13: 11 | B13: 2016 | C13: GA | D13: Blue Cross Blue Shield Healthcare Plan of Georgia, | E13: 49046GA0410018 | F13: BCBSHP Silver Pathway X HMO 3500 0 | G13: 2 | H13: Silver | I13: 1 | J13: 384.9 | K13: 2
A14: 12 | B14: 2016 | C14: GA | D14: Ambetter of Peach State Inc. | E14: 70893GA0010003 | F14: Ambetter Balanced Care 2 (2016) | G14: 2 | H14: Silver | I14: 2 | J14: 212.85 | K14: 4
A15: 13 | B15: 2016 | C15: GA | D15: Ambetter of Peach State Inc. | E15: 70893GA0010002 | F15: Ambetter Balanced Care 1 (2016) | G15: 2 | H15: Silver | I15: 2 | J15: 216.47 | K15: 4
A16: 14 | B16: 2016 | C16: GA | D16: Ambetter of Peach State Inc. | E16: 70893GA0020002 | F16: Ambetter Balanced Care 2 (2016) + Vision | G16: 2 | H16: Silver | I16: 2 | J16: 218.14 | K16: 4
A17: 15 | B17: 2016 | C17: GA | D17: Ambetter of Peach State Inc. | E17: 70893GA0020001 | F17: Ambetter Balanced Care 1 (2016) + Vision | G17: 2 | H17: Silver | I17: 2 | J17: 221.85 | K17: 4
... A667: 665 | B667: 2016 | C667: GA | D667: Humana Employers Health Plan of Georgia, Inc. | E667: 93332GA0720002 | F667: Humana Bronze 6450/National POS - OpenAccess | G667: 3 | H667: Bronze | I667: 16 | J667: 257.46 | K667: 1

Sheet Weight
D1: Copied and Pasted from Weighting Exercise
D2: 1 | E2: 2 | F2: 3 | G2: 4
B3: AK1 | D3: AK1 | E3: AK | F3: 1 | G3: 9332
B4: AK2 | D4: AK2 | E4: AK | F4: 2 | G4: 8927
B5: AK3 | D5: AK3 | E5: AK | F5: 3 | G5: 2997
B6: AL1 | D6: AL1 | E6: AL | F6: 1 | G6: 3525
B7: AL2 | D7: AL2 | E7: AL | F7: 2 | G7: 4832
B8: AL3 | D8: AL3 | E8: AL | F8: 3 | G8: 40039
B9: AL4 | D9: AL4 | E9: AL | F9: 4 | G9: 1767
B10: AL5 | D10: AL5 | E10: AL | F10: 5 | G10: 5585
B11: AL6 | D11: AL6 | E11: AL | F11: 6 | G11: 5353
B12: AL7 | D12: AL7 | E12: AL | F12: 7 | G12: 5130
B13: AL8 | D13: AL8 | E13: AL | F13: 8 | G13: 4024
B14: AL9 | D14: AL9 | E14: AL | F14: 9 | G14: 16232
... B444: TX20 | D444: NY8 | E444: NY | F444: 8 | G444: 78018
B445: TX21
B446: TX22
B447: TX23
B448: TX24
B449: TX25
B450: TX26
B451: UT1
B452: UT2
B453: UT3
B454: UT4
B455: UT5
B456: UT6
... B504: WY3

Sheet AgeFactors
B1: State Specific Age Curve Variations
A2: 1 | B2: 2 | C2: 3 | D2: 4 | E2: 5 | F2: 6 | G2: 7 | H2: 8 | I2: 9 | J2: 10
C3: 0-20 | D3: 21 | E3: 22 | F3: 23 | G3: 24 | H3: 25 | I3: 26 | J3: 27 | K3: 28 | L3: 29 | M3: 30 | N3: 31 | O3: 32 | P3: 33 | Q3: 34 | R3: 35 | S3: 36 | T3: 37 | U3: 38 | V3: 39 | W3: 40 | X3: 41 | Y3: 42 | Z3: 43 | AA3: 44 | AB3: 45 | AC3: 46 | AD3: 47 | AE3: 48 | AF3: 49 | AG3: 50 | AH3: 51 | AI3: 52 | AJ3: 53 | AK3: 54 | AL3: 55 | AM3: 56 | AN3: 57 | AO3: 58 | AP3: 59 | AQ3: 60 | AR3: 61 | AS3: 62 | AT3: 63 | AU3: 64 and older
B4: HHS Default | C4: 0.635 | D4: 1 | E4: 1 | F4: 1 | G4: 1 | H4: 1.004 | I4: 1.024 | J4: 1.048 | K4: 1.087 | L4: 1.119 | M4: 1.135 | N4: 1.159 | O4: 1.183 | P4: 1.198 | Q4: 1.214 | R4: 1.222 | S4: 1.23 | T4: 1.238 | U4: 1.246 | V4: 1.262 | W4: 1.278 | X4: 1.302 | Y4: 1.325 | Z4: 1.357 | AA4: 1.397 | AB4: 1.444 | AC4: 1.5 | AD4: 1.563 | AE4: 1.635 | AF4: 1.706 | AG4: 1.786 | AH4: 1.865 | AI4: 1.952 | AJ4: 2.04 | AK4: 2.135 | AL4: 2.23 | AM4: 2.333 | AN4: 2.437 | AO4: 2.548 | AP4: 2.603 | AQ4: 2.714 | AR4: 2.81 | AS4: 2.873 | AT4: 2.952 | AU4: 3
B5: District of Columbia | C5: 0.654 | D5: 0.727 | E5: 0.727 | F5: 0.727 | G5: 0.727 | H5: 0.727 | I5: 0.727 | J5: 0.727 | K5: 0.744 | L5: 0.76 | M5: 0.779 | N5: 0.799 | O5: 0.817 | P5: 0.836 | Q5: 0.856 | R5: 0.876 | S5: 0.896 | T5: 0.916 | U5: 0.927 | V5: 0.938 | W5: 0.975 | X5: 1.013 | Y5: 1.053 | Z5: 1.094 | AA5: 1.137 | AB5: 1.181 | AC5: 1.227 | AD5: 1.275 | AE5: 1.325 | AF5: 1.377 | AG5: 1.431 | AH5: 1.487 | AI5: 1.545 | AJ5: 1.605 | AK5: 1.668 | AL5: 1.733 | AM5: 1.801 | AN5: 1.871 | AO5: 1.944 | AP5: 2.02 | AQ5: 2.099 | AR5: 2.181 | AS5: 2.181 | AT5: 2.181 | AU5: 2.181
A6: MA | B6: Massachusetts | C6: 0.751 | D6: 1.183 | E6: 1.183 | F6: 1.183 | G6: 1.183 | H6: 1.183 | I6: 1.183 | J6: 1.22 | K6: 1.25 | L6: 1.275 | M6: 1.287 | N6: 1.305 | O6: 1.323 | P6: 1.334 | Q6: 1.346 | R6: 1.352 | S6: 1.358 | T6: 1.363 | U6: 1.369 | V6: 1.381 | W6: 1.393 | X6: 1.41 | Y6: 1.427 | Z6: 1.45 | AA6: 1.478 | AB6: 1.511 | AC6: 1.55 | AD6: 1.593 | AE6: 1.641 | AF6: 1.688 | AG6: 1.741 | AH6: 1.792 | AI6: 1.847 | AJ6: 1.902 | AK6: 1.961 | AL6: 2.019 | AM6: 2.08 | AN6: 2.142 | AO6: 2.206 | AP6: 2.28 | AQ6: 2.365 | AR6: 2.365 | AS6: 2.365 | AT6: 2.365 | AU6: 2.365
A7: MN | B7: Minnesota | C7: 0.89 | D7: 1 | E7: 1 | F7: 1 | G7: 1 | H7: 1.004 | I7: 1.024 | J7: 1.048 | K7: 1.087 | L7: 1.119 | M7: 1.135 | N7: 1.159 | O7: 1.183 | P7: 1.198 | Q7: 1.214 | R7: 1.222 | S7: 1.23 | T7: 1.238 | U7: 1.246 | V7: 1.262 | W7: 1.278 | X7: 1.302 | Y7: 1.325 | Z7: 1.357 | AA7: 1.397 | AB7: 1.444 | AC7: 1.5 | AD7: 1.563 | AE7: 1.635 | AF7: 1.706 | AG7: 1.786 | AH7: 1.865 | AI7: 1.952 | AJ7: 2.04 | AK7: 2.135 | AL7: 2.23 | AM7: 2.333 | AN7: 2.437 | AO7: 2.548 | AP7: 2.603 | AQ7: 2.714 | AR7: 2.81 | AS7: 2.873 | AT7: 2.952 | AU7: 3
A8: UT | B8: Utah | C8: 0.793 | D8: 1 | E8: 1.05 | F8: 1.113 | G8: 1.191 | H8: 1.298 | I8: 1.363 | J8: 1.39 | K8: 1.39 | L8: 1.39 | M8: 1.39 | N8: 1.39 | O8: 1.39 | P8: 1.39 | Q8: 1.39 | R8: 1.39 | S8: 1.39 | T8: 1.404 | U8: 1.425 | V8: 1.45 | W8: 1.479 | X8: 1.516 | Y8: 1.562 | Z8: 1.616 | AA8: 1.681 | AB8: 1.748 | AC8: 1.818 | AD8: 1.891 | AE8: 1.966 | AF8: 2.045 | AG8: 2.127 | AH8: 2.212 | AI8: 2.3 | AJ8: 2.392 | AK8: 2.488 | AL8: 2.588 | AM8: 2.691 | AN8: 2.799 | AO8: 2.911 | AP8: 3 | AQ8: 3 | AR8: 3 | AS8: 3 | AT8: 3 | AU8: 3
B10: New Jersey (Small group only, uses HHS default for individual) | C10: 0.75 | D10: 1.25 | E10: 1.25 | F10: 1.25 | G10: 1.25 | H10: 1.25 | I10: 1.25 | J10: 1.25 | K10: 1.25 | L10: 1.275 | M10: 1.287 | N10: 1.305 | O10: 1.323 | P10: 1.334 | Q10: 1.346 | R10: 1.352 | S10: 1.358 | T10: 1.363 | U10: 1.369 | V10: 1.381 | W10: 1.393 | X10: 1.41 | Y10: 1.427 | Z10: 1.45 | AA10: 1.478 | AB10: 1.511 | AC10: 1.55 | AD10: 1.593 | AE10: 1.641 | AF10: 1.688 | AG10: 1.741 | AH10: 1.792 | AI10: 1.847 | AJ10: 1.902 | AK10: 1.961 | AL10: 2.019 | AM10: 2.08 | AN10: 2.142 | AO10: 2.206 | AP10: 2.28 | AQ10: 2.28 | AR10: 2.28 | AS10: 2.28 | AT10: 2.28 | AU10: 2.28
C13: One Adult | D13: Two Adults | E13: One Adult and One or More Children | F13: Two Adults and One or More Children
B14: New York | C14: 1 | D14: 2 | E14: 1.7 | F14: 2.85
B15: Vermont | C15: 1 | D15: 2 | E15: 1.93 | F15: 2.81
D18: DC | E18: =J5 -> 0.727
D19: MA | E19: =J6 -> 1.22
D20: MN | E20: =J7 -> 1.048
D21: UT | E21: =J8 -> 1.39
D22: NJ | E22: =J10 -> 1.25
D23: VT | E23: =C15 -> 1
D24: NY | E24: =C14 -> 1
D25: Other | E25: =J4 -> 1.048
